# GENERATED by scripts/parity-dashboard.sh; DO NOT EDIT.
schema_version	1
cuda_oxide_commit	2db97134d9a3a79fe71c211e65a616dacdf03235
fe2o3_commit	2fee8b63b77df73b92f4de79caaabc5b623ab867
kind	id	feature	class	gates_csv	status	evidence_strength_csv	target_lanes_csv	evidence_commit	implementation_paths_csv	test_commands_atat	toolchains_csv	limitations_or_reason
normative	01	HMM / Unified Memory Management	AMD-equivalent	G3,G6	Partial	source-unit,negative-adversarial	generic,gfx942	2fee8b63b77df73b92f4de79caaabc5b623ab867	crates/fe2o3-core/src/managed_memory.rs,crates/fe2o3-core/src/memory_topology.rs,crates/fe2o3-core/tests/managed_memory_hardware.rs	cargo test -p fe2o3-core --locked	rust-nightly-2026-04-03,rocm-7.2	Managed allocation, advice, prefetch, location queries, and capability records are bounded and fail closed. Safe host-reference capture, general coherent CPU/GPU access, in-flight launch retention, topology breadth, and archived hardware strength remain incomplete.
normative	02	Unified Struct ABI without `#[repr(C)]`	Exact	G2,G3	Partial	source-unit,negative-adversarial	generic	2fee8b63b77df73b92f4de79caaabc5b623ab867	crates/rustc-codegen-fe2o3/src/rust_type_layout_general.rs,crates/fe2o3-mir-model/src/semantic_type.rs	cargo test -p rustc-codegen-fe2o3 --locked@@cargo test -p dialect-mir --locked	rust-nightly-2026-04-03	Layout records cover bounded scalar, aggregate, direct-enum, and niche-enum shapes; host packing, constants, general lowering, DSTs, unions, and recursive graphs are not fully connected.
normative	03	Dynamic Layout Matching	Exact	G2	Partial	source-unit,negative-adversarial	generic	2fee8b63b77df73b92f4de79caaabc5b623ab867	crates/rustc-codegen-fe2o3/src/rust_type_layout_general.rs,crates/fe2o3-mir-model/src/semantic_type.rs	cargo test -p rustc-codegen-fe2o3 --locked@@cargo test -p dialect-mir --locked	rust-nightly-2026-04-03	Layout records cover bounded scalar, aggregate, direct-enum, and niche-enum shapes; host packing, constants, general lowering, DSTs, unions, and recursive graphs are not fully connected.
normative	04	Pointer Distance (`offset_from`)	Exact	G2	Partial	source-unit,negative-adversarial	generic,gfx942	9dcad5d95d070f3a19764ac0e424c094e7f7f7c3	crates/fe2o3-device/src/memory.rs,crates/rustc-codegen-fe2o3/src/production_semantic_body_v1.rs,crates/rustc-codegen-fe2o3/src/production_ranked_projection_v1.rs,crates/rustc-codegen-fe2o3/tests/production_ranked_bounds_driver_v1.rs	cargo test -p fe2o3-device --locked@@cargo test -p rustc-codegen-fe2o3 --test production_ranked_bounds_driver_v1 --locked	rust-nightly-2026-04-03,rocm-7.2	The current production slice projects bounded ranked memory accesses and validates them through the generic bounds driver. Pointer provenance, arbitrary overlap, broad memory intrinsics, and machine-code refinement remain incomplete.
normative	05	Volatile Load/Store	Exact	G2	Partial	source-unit,negative-adversarial	generic,gfx942	9dcad5d95d070f3a19764ac0e424c094e7f7f7c3	crates/fe2o3-device/src/memory.rs,crates/rustc-codegen-fe2o3/src/production_semantic_body_v1.rs,crates/rustc-codegen-fe2o3/src/production_ranked_projection_v1.rs,crates/rustc-codegen-fe2o3/tests/production_ranked_bounds_driver_v1.rs	cargo test -p fe2o3-device --locked@@cargo test -p rustc-codegen-fe2o3 --test production_ranked_bounds_driver_v1 --locked	rust-nightly-2026-04-03,rocm-7.2	The current production slice projects bounded ranked memory accesses and validates them through the generic bounds driver. Pointer provenance, arbitrary overlap, broad memory intrinsics, and machine-code refinement remain incomplete.
normative	06	Bulk Copy (`copy_nonoverlapping`)	Exact	G2	Partial	source-unit,negative-adversarial	generic,gfx942	9dcad5d95d070f3a19764ac0e424c094e7f7f7c3	crates/fe2o3-device/src/memory.rs,crates/rustc-codegen-fe2o3/src/production_semantic_body_v1.rs,crates/rustc-codegen-fe2o3/src/production_ranked_projection_v1.rs,crates/rustc-codegen-fe2o3/tests/production_ranked_bounds_driver_v1.rs	cargo test -p fe2o3-device --locked@@cargo test -p rustc-codegen-fe2o3 --test production_ranked_bounds_driver_v1 --locked	rust-nightly-2026-04-03,rocm-7.2	The current production slice projects bounded ranked memory accesses and validates them through the generic bounds driver. Pointer provenance, arbitrary overlap, broad memory intrinsics, and machine-code refinement remain incomplete.
normative	07	Generics and Monomorphization	Exact	G1,G2	Partial	source-unit,negative-adversarial	generic	2fee8b63b77df73b92f4de79caaabc5b623ab867	crates/rustc-codegen-fe2o3/src/collector.rs	cargo test -p rustc-codegen-fe2o3 --locked	rust-nightly-2026-04-03	Concrete generic and const-generic helper instances are collected deterministically across crates; generic registered roots and general final application bundles remain unsupported.
normative	08	Enums (`Option`, `Result`, custom)	Exact	G2	Partial	source-unit,negative-adversarial	generic	2fee8b63b77df73b92f4de79caaabc5b623ab867	crates/rustc-codegen-fe2o3/src/rust_type_layout_general.rs,crates/fe2o3-mir-model/src/semantic_type.rs	cargo test -p rustc-codegen-fe2o3 --locked@@cargo test -p dialect-mir --locked	rust-nightly-2026-04-03	Layout records cover bounded scalar, aggregate, direct-enum, and niche-enum shapes; host packing, constants, general lowering, DSTs, unions, and recursive graphs are not fully connected.
normative	09	Struct Construction and Field Access	Exact	G2	Partial	source-unit,negative-adversarial	generic	2fee8b63b77df73b92f4de79caaabc5b623ab867	crates/rustc-codegen-fe2o3/src/rust_type_layout_general.rs,crates/fe2o3-mir-model/src/semantic_type.rs	cargo test -p rustc-codegen-fe2o3 --locked@@cargo test -p dialect-mir --locked	rust-nightly-2026-04-03	Layout records cover bounded scalar, aggregate, direct-enum, and niche-enum shapes; host packing, constants, general lowering, DSTs, unions, and recursive graphs are not fully connected.
normative	10	Array Types (`[T; N]`)	Exact	G2	Partial	source-unit,negative-adversarial	generic	2fee8b63b77df73b92f4de79caaabc5b623ab867	crates/rustc-codegen-fe2o3/src/rust_type_layout_general.rs,crates/fe2o3-mir-model/src/semantic_type.rs	cargo test -p rustc-codegen-fe2o3 --locked@@cargo test -p dialect-mir --locked	rust-nightly-2026-04-03	Layout records cover bounded scalar, aggregate, direct-enum, and niche-enum shapes; host packing, constants, general lowering, DSTs, unions, and recursive graphs are not fully connected.
normative	11	`CuSimd<T, N>` SIMD Type	Exact	G2,G4	Partial	source-unit,negative-adversarial	generic	3f34464a1c14573c0295dbcfaa52fc2ce930eda1	crates/fe2o3-device/src/simd.rs,crates/fe2o3-device/tests/simd_api.rs,crates/fe2o3-device/tests/ui/fail/simd_invalid_element.rs,crates/fe2o3-device/tests/ui/fail/simd_invalid_lane_count.rs	cargo test -p fe2o3-device --locked	rust-nightly-2026-04-03	GpuSimd provides bounded aggregate-backed construction, indexing, mapping, and elementwise operations with sealed element and lane-count admission. It has no dedicated vector LLVM representation, shuffle surface, target-specific legality proof, or GPU execution evidence.
normative	12	ABI Scalarization	Exact	G2,G3	Partial	source-unit,negative-adversarial	generic,gfx942	2fee8b63b77df73b92f4de79caaabc5b623ab867	crates/fe2o3-core/src/memory.rs,crates/fe2o3-core/tests/device_buffer_view_ui.rs,crates/fe2o3-host/src/generated_argument_plan.rs,crates/fe2o3-host/src/argument_alias.rs,crates/fe2o3-host/src/artifact_binding.rs,crates/fe2o3-host/src/generated_worker_v3_dispatch.rs,crates/fe2o3-host/src/hsa_executable_lifecycle.rs,crates/fe2o3-host/tests/generated_spi_ui.rs,crates/fe2o3-host/tests/ui/generated_spi,crates/fe2o3-macros/src/lib.rs,crates/fe2o3-macros/tests/typed_kernel_fixtures.rs,crates/rustc-codegen-fe2o3/src/rust_type_layout_v3.rs,crates/rustc-codegen-fe2o3/src/compiler_descriptor.rs,crates/rustc-codegen-fe2o3/src/semantic_layout_bridge.rs	cargo test -p fe2o3-core --all-targets --locked@@cargo test -p fe2o3-host --locked@@cargo test -p fe2o3-host --test generated_spi_ui --locked@@cargo test -p fe2o3-macros --locked@@cargo test -p rustc-codegen-fe2o3 --lib --locked	rust-nightly-2026-04-03,rocm-7.2	General V3 source/unit evidence covers semantic layouts, checked allocation views and mutable splits, retained packing, alias admission, backend witnesses, and generic generated preparation/dispatch. Aggregate ABI coverage, a mechanical Verus split proof, production verifier authority, and machine-code refinement remain incomplete.
normative	13	Move Closures (`FnOnce`)	Exact	G2,G3	Partial	source-unit,negative-adversarial	generic,gfx942	3d2e8eebfe23ddf24a86da81bc43e27b31612157	crates/rustc-codegen-fe2o3/src/closure_profile_v1.rs,crates/rustc-codegen-fe2o3/src/closure_profile_v1/tests.rs,crates/rustc-codegen-fe2o3/src/collector.rs	cargo test -p rustc-codegen-fe2o3 --lib --locked	rust-nightly-2026-04-03	The compiler admits a closed gfx942 closure profile with authenticated capture, call-shim, escape, and use analysis and rejects untracked closure-bearing MIR uses. General Fn traits, typed host packing, arbitrary reference captures, device-created closures, final code objects, and execution remain unsupported.
normative	14	Reference Closures (`Fn`/`FnMut`)	Exact	G2,G3	Partial	source-unit,negative-adversarial	generic,gfx942	3d2e8eebfe23ddf24a86da81bc43e27b31612157	crates/rustc-codegen-fe2o3/src/closure_profile_v1.rs,crates/rustc-codegen-fe2o3/src/closure_profile_v1/tests.rs,crates/rustc-codegen-fe2o3/src/collector.rs	cargo test -p rustc-codegen-fe2o3 --lib --locked	rust-nightly-2026-04-03	The compiler admits a closed gfx942 closure profile with authenticated capture, call-shim, escape, and use analysis and rejects untracked closure-bearing MIR uses. General Fn traits, typed host packing, arbitrary reference captures, device-created closures, final code objects, and execution remain unsupported.
normative	15	Host-to-Device Closures	Exact	G2,G3	Partial	source-unit,negative-adversarial	generic,gfx942	3d2e8eebfe23ddf24a86da81bc43e27b31612157	crates/rustc-codegen-fe2o3/src/closure_profile_v1.rs,crates/rustc-codegen-fe2o3/src/closure_profile_v1/tests.rs,crates/rustc-codegen-fe2o3/src/collector.rs	cargo test -p rustc-codegen-fe2o3 --lib --locked	rust-nightly-2026-04-03	The compiler admits a closed gfx942 closure profile with authenticated capture, call-shim, escape, and use analysis and rejects untracked closure-bearing MIR uses. General Fn traits, typed host packing, arbitrary reference captures, device-created closures, final code objects, and execution remain unsupported.
normative	16	Device-Internal Closures	Exact	G2	Partial	source-unit,negative-adversarial	generic,gfx942	3d2e8eebfe23ddf24a86da81bc43e27b31612157	crates/rustc-codegen-fe2o3/src/closure_profile_v1.rs,crates/rustc-codegen-fe2o3/src/closure_profile_v1/tests.rs,crates/rustc-codegen-fe2o3/src/collector.rs	cargo test -p rustc-codegen-fe2o3 --lib --locked	rust-nightly-2026-04-03	The compiler admits a closed gfx942 closure profile with authenticated capture, call-shim, escape, and use analysis and rejects untracked closure-bearing MIR uses. General Fn traits, typed host packing, arbitrary reference captures, device-created closures, final code objects, and execution remain unsupported.
normative	17	Match Expressions (integer switch)	Exact	G1,G2	Partial	source-unit,negative-adversarial	generic	2fee8b63b77df73b92f4de79caaabc5b623ab867	crates/fe2o3-kernel-ir/src/ir.rs,crates/fe2o3-kernel-ir/src/wire.rs	cargo test -p fe2o3-kernel-ir --locked@@cargo test -p fe2o3-kernel-analysis --locked	rust-nightly-2026-04-03	Canonical integer switches are represented, verified, and analyzed; AMDGPU dialect lowering intentionally fails closed, so executable match parity is not established.
normative	18	Match on Enums	Exact	G2	Partial	source-unit,negative-adversarial	generic,gfx942	1f5685cf56fa48ed3e4064152151a4690e03bbb3	crates/rustc-codegen-fe2o3/src/production_semantic_body_v1.rs,crates/rustc-codegen-fe2o3/src/production_semantic_terminal_v1.rs,crates/rustc-codegen-fe2o3/src/monomorphization_dead.rs,crates/rustc-codegen-fe2o3/tests/g2_monomorphization.rs,crates/rustc-codegen-fe2o3/tests/production_pipeline.rs,crates/fe2o3-macros/src/control_flow_v1.rs	cargo test -p rustc-codegen-fe2o3 --locked@@cargo test -p fe2o3-macros --locked	rust-nightly-2026-04-03	The production semantic body and terminal model cover the bounded accepted control-flow fragment and fail closed outside it. Arbitrary loops, payload and niche matches, broad iterator lowering, and machine-code refinement remain incomplete.
normative	19	For Loops (range, iterator, enumerate)	Exact	G2	Partial	source-unit,negative-adversarial	generic,gfx942	1f5685cf56fa48ed3e4064152151a4690e03bbb3	crates/rustc-codegen-fe2o3/src/production_semantic_body_v1.rs,crates/rustc-codegen-fe2o3/src/production_semantic_terminal_v1.rs,crates/rustc-codegen-fe2o3/src/monomorphization_dead.rs,crates/rustc-codegen-fe2o3/tests/g2_monomorphization.rs,crates/rustc-codegen-fe2o3/tests/production_pipeline.rs,crates/fe2o3-macros/src/control_flow_v1.rs	cargo test -p rustc-codegen-fe2o3 --locked@@cargo test -p fe2o3-macros --locked	rust-nightly-2026-04-03	The production semantic body and terminal model cover the bounded accepted control-flow fragment and fail closed outside it. Arbitrary loops, payload and niche matches, broad iterator lowering, and machine-code refinement remain incomplete.
normative	20	While Loops / If-Else	Exact	G1,G2	Partial	source-unit,negative-adversarial	generic	2fee8b63b77df73b92f4de79caaabc5b623ab867	crates/fe2o3-kernel-analysis/src/control_flow.rs	cargo test -p fe2o3-kernel-analysis --locked	rust-nightly-2026-04-03	Deterministic dominators, frontiers, and loop analysis exist, but arbitrary reducible MIR is not yet translated and executed end to end.
normative	21	Break and Continue	Exact	G2	Partial	source-unit,negative-adversarial	generic,gfx942	1f5685cf56fa48ed3e4064152151a4690e03bbb3	crates/rustc-codegen-fe2o3/src/production_semantic_body_v1.rs,crates/rustc-codegen-fe2o3/src/production_semantic_terminal_v1.rs,crates/rustc-codegen-fe2o3/src/monomorphization_dead.rs,crates/rustc-codegen-fe2o3/tests/g2_monomorphization.rs,crates/rustc-codegen-fe2o3/tests/production_pipeline.rs,crates/fe2o3-macros/src/control_flow_v1.rs	cargo test -p rustc-codegen-fe2o3 --locked@@cargo test -p fe2o3-macros --locked	rust-nightly-2026-04-03	The production semantic body and terminal model cover the bounded accepted control-flow fragment and fail closed outside it. Arbitrary loops, payload and niche matches, broad iterator lowering, and machine-code refinement remain incomplete.
normative	22	Loop Unroll Annotations	Exact	G2	Partial	source-unit,negative-adversarial	generic,gfx942	1f5685cf56fa48ed3e4064152151a4690e03bbb3	crates/rustc-codegen-fe2o3/src/production_semantic_body_v1.rs,crates/rustc-codegen-fe2o3/src/production_semantic_terminal_v1.rs,crates/rustc-codegen-fe2o3/src/monomorphization_dead.rs,crates/rustc-codegen-fe2o3/tests/g2_monomorphization.rs,crates/rustc-codegen-fe2o3/tests/production_pipeline.rs,crates/fe2o3-macros/src/control_flow_v1.rs	cargo test -p rustc-codegen-fe2o3 --locked@@cargo test -p fe2o3-macros --locked	rust-nightly-2026-04-03	The production semantic body and terminal model cover the bounded accepted control-flow fragment and fail closed outside it. Arbitrary loops, payload and niche matches, broad iterator lowering, and machine-code refinement remain incomplete.
normative	23	Monomorphization-Dead Branches	Exact	G2	Partial	source-unit,negative-adversarial	generic,gfx942	1f5685cf56fa48ed3e4064152151a4690e03bbb3	crates/rustc-codegen-fe2o3/src/production_semantic_body_v1.rs,crates/rustc-codegen-fe2o3/src/production_semantic_terminal_v1.rs,crates/rustc-codegen-fe2o3/src/monomorphization_dead.rs,crates/rustc-codegen-fe2o3/tests/g2_monomorphization.rs,crates/rustc-codegen-fe2o3/tests/production_pipeline.rs,crates/fe2o3-macros/src/control_flow_v1.rs	cargo test -p rustc-codegen-fe2o3 --locked@@cargo test -p fe2o3-macros --locked	rust-nightly-2026-04-03	The production semantic body and terminal model cover the bounded accepted control-flow fragment and fail closed outside it. Arbitrary loops, payload and niche matches, broad iterator lowering, and machine-code refinement remain incomplete.
normative	24	64-bit Arithmetic	Exact	G1,G2	Partial	source-unit,negative-adversarial	generic	2fee8b63b77df73b92f4de79caaabc5b623ab867	crates/fe2o3-kernel-ir/src/ir.rs,crates/fe2o3-kernel-ir/src/verify.rs	cargo test -p fe2o3-kernel-ir --locked	rust-nightly-2026-04-03	The target-neutral IR models a bounded arithmetic and cast subset; the complete Rust operation matrix, pointer provenance policy, and CPU/GPU differential coverage are missing.
normative	25	Type Casting (all kinds)	Exact	G2	Partial	source-unit,negative-adversarial	generic	2fee8b63b77df73b92f4de79caaabc5b623ab867	crates/fe2o3-kernel-ir/src/ir.rs,crates/fe2o3-kernel-ir/src/verify.rs	cargo test -p fe2o3-kernel-ir --locked	rust-nightly-2026-04-03	The target-neutral IR models a bounded arithmetic and cast subset; the complete Rust operation matrix, pointer provenance policy, and CPU/GPU differential coverage are missing.
normative	26	Packed bf16x2 FMA	AMD-equivalent	G4	Partial	source-unit,negative-adversarial,compile-code-object	generic,gfx942	2fee8b63b77df73b92f4de79caaabc5b623ab867	crates/fe2o3-device/src/half.rs,crates/fe2o3-device/src/math.rs,crates/fe2o3-device/tests/half_math_api.rs,crates/fe2o3-amdgcn-model/src/device_math.rs,crates/dialect-amdgcn/tests/gfx942_math.rs	cargo test -p fe2o3-device --locked@@cargo test -p dialect-amdgcn --test gfx942_math --locked@@FE2O3_TARGET=gfx942 scripts/ci-local.sh rocm-compile	rust-nightly-2026-04-03,rocm-7.2	Target-gated f16 and BF16 operations and selected device math have source and dialect-model coverage. The retired exact compiler fixture is not current evidence; a complete type, rounding, edge-case, and hardware matrix remains incomplete.
normative	27	Bi-directional LTOIR Support	AMD-equivalent	G6	Partial	source-unit,negative-adversarial	generic,gfx942	2fee8b63b77df73b92f4de79caaabc5b623ab867	crates/fe2o3-device/src/ffi.rs,crates/fe2o3-compiler-ffi/src/module_handoff_v2.rs,crates/rustc-codegen-fe2o3/src/device_ffi.rs,crates/rustc-codegen-fe2o3/src/production_worker_handoff.rs,crates/fe2o3-hsaco-finalize/src/request_construction.rs,crates/rustc-codegen-fe2o3/tests/device_ffi_cross_crate.rs,crates/cargo-fe2o3/src/binding_wrapper.rs	cargo test -p fe2o3-device --locked@@cargo test -p rustc-codegen-fe2o3 --test device_ffi_cross_crate --locked@@cargo test -p cargo-fe2o3 --locked	rust-nightly-2026-04-03,rocm-7.2,llvm-api-mechanics	The production compiler records device-FFI roles, binds them into the semantic Worker V3 handoff, and tests bounded cross-crate imports. Compiler origin, general device-library packaging, HSA load, and launch remain outside this source/unit claim.
normative	28	Device FFI (`extern "C"`)	AMD-equivalent	G6	Partial	source-unit,negative-adversarial	generic,gfx942	2fee8b63b77df73b92f4de79caaabc5b623ab867	crates/fe2o3-device/src/ffi.rs,crates/fe2o3-compiler-ffi/src/module_handoff_v2.rs,crates/rustc-codegen-fe2o3/src/device_ffi.rs,crates/rustc-codegen-fe2o3/src/production_worker_handoff.rs,crates/fe2o3-hsaco-finalize/src/request_construction.rs,crates/rustc-codegen-fe2o3/tests/device_ffi_cross_crate.rs,crates/cargo-fe2o3/src/binding_wrapper.rs	cargo test -p fe2o3-device --locked@@cargo test -p rustc-codegen-fe2o3 --test device_ffi_cross_crate --locked@@cargo test -p cargo-fe2o3 --locked	rust-nightly-2026-04-03,rocm-7.2,llvm-api-mechanics	The production compiler records device-FFI roles, binds them into the semantic Worker V3 handoff, and tests bounded cross-crate imports. Compiler origin, general device-library packaging, HSA load, and launch remain outside this source/unit claim.
normative	29	MathDx FFI (cuFFTDx / cuBLASDx)	AMD-equivalent	G6	Partial	source-unit,negative-adversarial	generic,gfx942	97b6ce142fce836055521ca27a04478e59fe5f18	tools/fe2o3-llvm-link-worker/tests/PipelineTests.cpp	scripts/test-direct-llvm-worker.sh	rust-nightly-2026-04-03,rocm-7.2,llvm-api-mechanics	Direct in-process LLVM and LLD linking resolves one exact gfx942 xnack-minus OCML sin symbol. The standalone raw-HIP OCML host launcher was deleted; runtime use must enter through Worker V3. This proves only the device-library FFI mechanism and one unary operation, not FFT, BLAS, general MathDx functionality, production Worker V3 verification, or dashboard hardware strength.
normative	30	Tile interop	AMD-equivalent	G6	Partial	source-unit,negative-adversarial	generic,gfx942	f30f6aa362a36d029c0aef820aa6fed8f82bb3ec	crates/fe2o3-core/src/stream.rs,crates/fe2o3-host/src/tile_interop.rs,crates/fe2o3-host/tests/gfx942_tile_interop_hardware.rs,crates/fe2o3-host/tests/tile_interop_ui.rs,crates/fe2o3-host/tests/ui/tile_interop	cargo test -p fe2o3-host --test tile_interop_ui --locked@@cargo test -p fe2o3-host --test gfx942_tile_interop_hardware --locked	rust-nightly-2026-04-03,rocm-7.2	One typed 16x16 BF16 XOR4 tile lease retains exact context, allocation, and stream identities and rejects lifetime substitution. Arbitrary shapes, data types, cross-library families, intra-kernel composition, numerical MFMA interop, and archived hardware strength are not established.
normative	31	Cross-Crate Kernels	Exact	G1,G2,G3	Partial	source-unit,negative-adversarial	generic,gfx942	ac7999df34902d774f1d6d6704bcd7d9a2d62da5	crates/fe2o3-device/src/lib.rs,crates/fe2o3-macros/src/lib.rs,crates/rustc-codegen-fe2o3/src/collector.rs,crates/rustc-codegen-fe2o3/src/device_ffi.rs,crates/rustc-codegen-fe2o3/tests/cross_crate_imports.rs	cargo test -p fe2o3-macros --locked@@cargo test -p rustc-codegen-fe2o3 --test cross_crate_imports --locked	rust-nightly-2026-04-03,rocm-7.2,llvm-api-mechanics	Authenticated producer registration binds exact kernel and standalone device initializers and imports a bounded gfx942 cross-crate root graph. Generic signatures, arbitrary dependency graphs, final application bundle integration, and runtime execution remain incomplete.
normative	32	`#[kernel]` Attribute	Exact	G0,G2,G3	Partial	source-unit,negative-adversarial	generic,gfx942	2fee8b63b77df73b92f4de79caaabc5b623ab867	crates/fe2o3-macros/src/lib.rs,crates/fe2o3-macros/tests/typed_kernel_fixtures.rs,crates/rustc-codegen-fe2o3/src/static_registration.rs,crates/rustc-codegen-fe2o3/src/collector.rs,crates/rustc-codegen-fe2o3/src/rustc_semantic_adapter_v1.rs,crates/rustc-codegen-fe2o3/src/semantic_layout_bridge.rs,crates/rustc-codegen-fe2o3/tests/general_two_kernel_import.rs,crates/rustc-codegen-fe2o3/tests/production_pipeline.rs	cargo test -p fe2o3-macros --locked@@cargo test -p rustc-codegen-fe2o3 --lib --locked@@cargo test -p rustc-codegen-fe2o3 --test general_two_kernel_import --locked@@cargo test -p rustc-codegen-fe2o3 --test production_pipeline --locked	rust-nightly-2026-04-03,rocm-7.2,llvm-api-mechanics	Static registration and the rustc semantic adapter authenticate bounded kernel roots and layouts before the production pipeline. Arbitrary roots, broad Rust types and control flow, and compiler-to-machine refinement remain incomplete.
normative	33	`#[device]` Helper Functions	Exact	G1,G2	Partial	source-unit,negative-adversarial	generic,gfx942	2fee8b63b77df73b92f4de79caaabc5b623ab867	crates/fe2o3-macros/src/lib.rs,crates/fe2o3-macros/tests/typed_kernel_fixtures.rs,crates/rustc-codegen-fe2o3/src/static_registration.rs,crates/rustc-codegen-fe2o3/src/collector.rs,crates/rustc-codegen-fe2o3/src/rustc_semantic_adapter_v1.rs,crates/rustc-codegen-fe2o3/src/semantic_layout_bridge.rs,crates/rustc-codegen-fe2o3/tests/general_two_kernel_import.rs,crates/rustc-codegen-fe2o3/tests/production_pipeline.rs	cargo test -p fe2o3-macros --locked@@cargo test -p rustc-codegen-fe2o3 --lib --locked@@cargo test -p rustc-codegen-fe2o3 --test general_two_kernel_import --locked@@cargo test -p rustc-codegen-fe2o3 --test production_pipeline --locked	rust-nightly-2026-04-03,rocm-7.2,llvm-api-mechanics	Static registration and the rustc semantic adapter authenticate bounded kernel roots and layouts before the production pipeline. Arbitrary roots, broad Rust types and control flow, and compiler-to-machine refinement remain incomplete.
normative	34	Standalone `#[device]` Functions	Exact	G6	Partial	source-unit,negative-adversarial	generic,gfx942	ac7999df34902d774f1d6d6704bcd7d9a2d62da5	crates/fe2o3-device/src/lib.rs,crates/fe2o3-macros/src/lib.rs,crates/rustc-codegen-fe2o3/src/collector.rs,crates/rustc-codegen-fe2o3/src/device_ffi.rs,crates/rustc-codegen-fe2o3/tests/cross_crate_imports.rs	cargo test -p fe2o3-macros --locked@@cargo test -p rustc-codegen-fe2o3 --test cross_crate_imports --locked	rust-nightly-2026-04-03,rocm-7.2,llvm-api-mechanics	Authenticated producer registration binds exact kernel and standalone device initializers and imports a bounded gfx942 cross-crate root graph. Generic signatures, arbitrary dependency graphs, final application bundle integration, and runtime execution remain incomplete.
normative	35	Multi-Kernel Modules	Exact	G1,G3	Partial	source-unit,negative-adversarial	generic,gfx942	2fee8b63b77df73b92f4de79caaabc5b623ab867	crates/fe2o3-artifacts/src/gfx942_bundle.rs,crates/fe2o3-verifier/src/multi_kernel_proof.rs,crates/fe2o3-verifier/src/persistent_freshness.rs,crates/rustc-codegen-fe2o3/src/production_ranked_projection_v1.rs,crates/rustc-codegen-fe2o3/src/production_semantic_body_v1.rs,crates/rustc-codegen-fe2o3/tests/production_general_matrix_driver_v1.rs,crates/fe2o3-host/src/worker_v3_verification_admission.rs,crates/fe2o3-host/src/generated_worker_v3_dispatch.rs,crates/fe2o3-host/src/hsa_executable_lifecycle.rs,crates/fe2o3-host/tests/worker_v3_verification_admission_ui.rs,crates/fe2o3-verifier/src/proof_capsule.rs,crates/fe2o3-kernel-analysis/src/physical_machine_analysis.rs	cargo test -p fe2o3-artifacts --locked@@cargo test -p fe2o3-verifier --locked@@cargo test -p rustc-codegen-fe2o3 --test production_general_matrix_driver_v1 --locked@@cargo test -p fe2o3-host --locked@@cargo test -p fe2o3-host --test worker_v3_verification_admission_ui --locked	rust-nightly-2026-04-03,rocm-7.2,llvm-api-mechanics	Ranked production projection and the generic semantic body support bounded multi-kernel compilation before Worker V3 admission and dispatch. Proof capsules and authenticated physical-machine analysis bundles remain bounded, and no general machine-code refinement or hardware replay is claimed.
normative	36	Unified Single-Source Compilation	Exact	G1,G3,G5	Partial	source-unit,negative-adversarial	generic,gfx942	2fee8b63b77df73b92f4de79caaabc5b623ab867	crates/cargo-fe2o3/src/binding_wrapper.rs,crates/rustc-codegen-fe2o3/src/production_pipeline.rs,crates/rustc-codegen-fe2o3/src/production_semantic_lineage_v3.rs,crates/rustc-codegen-fe2o3/src/production_ranked_projection_v1.rs,crates/rustc-codegen-fe2o3/src/production_worker_handoff.rs,crates/rustc-codegen-fe2o3/src/semantic_layout_bridge.rs,crates/fe2o3-hsaco-finalize/src/worker_v3_hsaco_publication.rs,crates/fe2o3-artifact-transaction/src/attempt_scoped_hsaco_publication.rs,crates/fe2o3-artifact-transaction/src/durable_published_claim.rs,crates/fe2o3-host/src/production_application.rs,crates/fe2o3-host/src/worker_v3_verification_admission.rs,crates/fe2o3-host/src/hsa_executable_lifecycle.rs,crates/rustc-codegen-fe2o3/tests/production_pipeline.rs	cargo test -p cargo-fe2o3 --locked@@cargo test -p rustc-codegen-fe2o3 --test production_pipeline --locked@@cargo test -p fe2o3-macros --locked@@cargo test -p fe2o3-host --locked@@cargo test -p fe2o3-hsaco-finalize --locked	rust-nightly-2026-04-03,rocm-7.2,llvm-api-mechanics	The production source path binds rustc semantic lineage, ranked PLIRON projection, the Worker V3 handoff, durable HSACO publication, and host admission. No retired Worker V2 publication fallback remains; compiler refinement and hardware execution remain incomplete.
normative	37	PTX Output	AMD-equivalent	G1	Partial	source-unit,negative-adversarial,compile-code-object	generic,gfx1151,gfx942	2fee8b63b77df73b92f4de79caaabc5b623ab867	crates/rustc-codegen-fe2o3/src/kernel_ir_codegen.rs,crates/rustc-codegen-fe2o3/src/production_pipeline.rs,crates/rustc-codegen-fe2o3/src/production_ranked_projection_v1.rs,crates/rustc-codegen-fe2o3/src/production_semantic_body_v1.rs,crates/rustc-codegen-fe2o3/tests/production_pipeline.rs,crates/rustc-codegen-fe2o3/tests/production_general_matrix_driver_v1.rs	cargo test -p rustc-codegen-fe2o3 --locked@@FE2O3_TARGET=gfx1151 scripts/ci-local.sh rocm-compile@@FE2O3_TARGET=gfx942 scripts/ci-local.sh rocm-compile	rust-nightly-2026-04-03,rocm-7.2	The current compiler lowers the supported semantic body through ranked PLIRON and Kernel IR under the production pipeline. Broad MIR coverage, authenticated compiler refinement, architecture breadth, and general machine-code equivalence remain incomplete.
normative	38	NVVM IR Output	AMD-equivalent	G1,G6	Partial	source-unit,negative-adversarial,compile-code-object	generic,gfx1151,gfx942	2fee8b63b77df73b92f4de79caaabc5b623ab867	crates/rustc-codegen-fe2o3/src/kernel_ir_codegen.rs,crates/rustc-codegen-fe2o3/src/production_pipeline.rs,crates/rustc-codegen-fe2o3/src/production_ranked_projection_v1.rs,crates/rustc-codegen-fe2o3/src/production_semantic_body_v1.rs,crates/rustc-codegen-fe2o3/tests/production_pipeline.rs,crates/rustc-codegen-fe2o3/tests/production_general_matrix_driver_v1.rs	cargo test -p rustc-codegen-fe2o3 --locked@@FE2O3_TARGET=gfx1151 scripts/ci-local.sh rocm-compile@@FE2O3_TARGET=gfx942 scripts/ci-local.sh rocm-compile	rust-nightly-2026-04-03,rocm-7.2	The current compiler lowers the supported semantic body through ranked PLIRON and Kernel IR under the production pipeline. Broad MIR coverage, authenticated compiler refinement, architecture breadth, and general machine-code equivalence remain incomplete.
normative	39	LTOIR Linking	AMD-equivalent	G6	Partial	source-unit,negative-adversarial	generic,gfx942	2fee8b63b77df73b92f4de79caaabc5b623ab867	crates/fe2o3-hsaco-finalize/src/link_plan.rs,crates/fe2o3-hsaco-finalize/src/first_build_worker_v3.rs,crates/fe2o3-hsaco-finalize/src/worker_executor.rs,crates/fe2o3-hsaco-finalize/src/worker_v3_hsaco_publication.rs,crates/fe2o3-artifact-transaction/src/attempt_scoped_hsaco_publication.rs,crates/fe2o3-artifact-transaction/src/durable_link_publication.rs,crates/fe2o3-artifact-transaction/src/durable_published_claim.rs,tools/fe2o3-llvm-link-worker/src/WorkerPipeline.cpp,tools/fe2o3-llvm-link-worker/tests/PipelineTests.cpp,crates/fe2o3-hsaco-finalize/tests/worker_v3_hsaco_admission.rs	cargo test -p fe2o3-hsaco-finalize --locked@@cargo test -p fe2o3-artifact-transaction --locked@@scripts/tests/run-parity-snapshot.sh	rust-nightly-2026-04-03,rocm-7.2,llvm-api-mechanics	The shared LLVM/LLD engine feeds the sole Worker V3 publication route with exact link-plan, attempt, finalizer, and durable-currentness checks. Standalone Worker V2 publication is retired; these records do not authenticate compiler semantics or grant HSA launch authority.
normative	40	Float Math Intrinsics (libdevice)	AMD-equivalent	G4	Partial	source-unit,negative-adversarial,compile-code-object	generic,gfx942	2fee8b63b77df73b92f4de79caaabc5b623ab867	crates/fe2o3-device/src/half.rs,crates/fe2o3-device/src/math.rs,crates/fe2o3-device/tests/half_math_api.rs,crates/fe2o3-amdgcn-model/src/device_math.rs,crates/dialect-amdgcn/tests/gfx942_math.rs	cargo test -p fe2o3-device --locked@@cargo test -p dialect-amdgcn --test gfx942_math --locked@@FE2O3_TARGET=gfx942 scripts/ci-local.sh rocm-compile	rust-nightly-2026-04-03,rocm-7.2	Target-gated f16 and BF16 operations and selected device math have source and dialect-model coverage. The retired exact compiler fixture is not current evidence; a complete type, rounding, edge-case, and hardware matrix remains incomplete.
normative	41	Pipeline Inspection	Exact	G1	Partial	source-unit,negative-adversarial	generic	2fee8b63b77df73b92f4de79caaabc5b623ab867	crates/cargo-fe2o3/src/inspect.rs,crates/fe2o3-hsaco/src/elf_inspection.rs	cargo test -p cargo-fe2o3 --locked@@cargo test -p fe2o3-hsaco --locked	rust-nightly-2026-04-03	Bounded IR, artifact, and HSACO inspection exists for supported payloads; a complete stage-by-stage general compiler pipeline is not available.
normative	42	PTX Inspect	AMD-equivalent	G1,G3	Partial	source-unit,negative-adversarial	generic	2fee8b63b77df73b92f4de79caaabc5b623ab867	crates/cargo-fe2o3/src/inspect.rs,crates/fe2o3-hsaco/src/elf_inspection.rs	cargo test -p cargo-fe2o3 --locked@@cargo test -p fe2o3-hsaco --locked	rust-nightly-2026-04-03	Bounded IR, artifact, and HSACO inspection exists for supported payloads; a complete stage-by-stage general compiler pipeline is not available.
normative	43	Local Clean	Exact	G0	Partial	source-unit,negative-adversarial	generic	2fee8b63b77df73b92f4de79caaabc5b623ab867	crates/cargo-fe2o3/src/clean.rs	cargo test -p cargo-fe2o3 --test clean_cli --locked	rust-nightly-2026-04-03	Cleaning is deliberately restricted to project-local fe2o3 output; complete external-project orchestration and baseline behavior differences remain documented gaps.
normative	44	Compute Sanitizer Wrapper	AMD-equivalent	G8	Partial	source-unit,negative-adversarial	generic	2fee8b63b77df73b92f4de79caaabc5b623ab867	crates/cargo-fe2o3/src/tool_commands.rs,crates/cargo-fe2o3/tests/tool_execution_cli.rs	cargo test -p cargo-fe2o3 --locked	rust-nightly-2026-04-03,rocm-7.2	Plan mode and bounded descriptor-pinned ROCgdb execution exist with timeout, output, identity, environment, and process supervision; precise-memory availability is fail-closed and no race, API, initialization, synchronization, source-metadata, or safety proof is claimed.
normative	45	cuda-gdb Source Debugging	AMD-equivalent	G8	Partial	source-unit,negative-adversarial	generic,gfx942	6cfec9aad9267e9355842c9f3c1408e366c7fcd9	crates/fe2o3-process-identity/src/lib.rs,scripts/s09-debug-check.py,scripts/s09-rocgdb-profile.sh,scripts/tests/s09-debug.sh	scripts/tests/s09-debug.sh	rust-nightly-2026-04-03,rocm-7.2	The retained composite-debug harness tests bounded identity and ROCgdb transcript policy. Its former compiler source-debug producer is retired, so this row grants no current compiler debug-emission or production authority claim.
normative	46	cuda-gdb Local / Argument Inspection	AMD-equivalent	G8	Partial	source-unit,negative-adversarial	generic,gfx942	6cfec9aad9267e9355842c9f3c1408e366c7fcd9	crates/fe2o3-process-identity/src/lib.rs,scripts/s09-debug-check.py,scripts/s09-rocgdb-profile.sh,scripts/tests/s09-debug.sh	scripts/tests/s09-debug.sh	rust-nightly-2026-04-03,rocm-7.2	The retained composite-debug harness tests bounded identity and ROCgdb transcript policy. Its former compiler source-debug producer is retired, so this row grants no current compiler debug-emission or production authority claim.
normative	47	`ptx_asm!` Macro	AMD-equivalent	G6	Partial	source-unit,negative-adversarial	generic,gfx942	e76653692fa4de2a318aa646671fae7008ba9c17	crates/fe2o3-device/src/diagnostics.rs,crates/fe2o3-kernel-ir/tests/amdgpu_diagnostics.rs,crates/dialect-amdgcn/tests/gfx942_diagnostics.rs,crates/fe2o3-device/tests/ui/pass/gfx942_diagnostics_contract.rs	cargo test -p fe2o3-device --locked@@cargo test -p fe2o3-kernel-ir --test amdgpu_diagnostics --locked@@cargo test -p dialect-amdgcn --test gfx942_diagnostics --locked	rust-nightly-2026-04-03,rocm-7.2	The typed diagnostics source contract and target dialect model cover the bounded gfx942 operations. The retired exact compiler-lowering fixture is not current evidence; host-readable formatting, hardware execution, and other targets remain absent.
normative	48	`DisjointSlice<T, IndexSpace>`	Exact	G0,G3,G5	Partial	source-unit,negative-adversarial,verus-proof	generic	2fee8b63b77df73b92f4de79caaabc5b623ab867	crates/fe2o3-device/src/thread.rs,crates/fe2o3-host/src/argument_alias.rs,examples/verus_vecadd/verus/vecadd.rs,crates/fe2o3-core/src/memory.rs,crates/fe2o3-core/tests/device_buffer_view_ui.rs	cargo test -p fe2o3-device --locked@@cargo test -p fe2o3-host --locked@@verus --crate-type lib --triggers-mode silent examples/verus_vecadd/verus/vecadd.rs	rust-nightly-2026-04-03,verus-0.2026.08.02.b677dd5	Branded witnesses, alias admission, checked allocation-relative views, Rust-borrowed mutable splits, and source-level bounds/race proofs cover bounded profiles. A mechanical Verus proof of split_at_mut, general launch mappings, authenticated machine effects, and machine-code refinement are not established.
normative	49	`ThreadIndex<'kernel, IndexSpace>`	Exact	G0,G3,G5	Partial	source-unit,negative-adversarial,verus-proof	generic	2fee8b63b77df73b92f4de79caaabc5b623ab867	crates/fe2o3-device/src/thread.rs,crates/fe2o3-host/src/argument_alias.rs,examples/verus_vecadd/verus/vecadd.rs,crates/fe2o3-core/src/memory.rs,crates/fe2o3-core/tests/device_buffer_view_ui.rs	cargo test -p fe2o3-device --locked@@cargo test -p fe2o3-host --locked@@verus --crate-type lib --triggers-mode silent examples/verus_vecadd/verus/vecadd.rs	rust-nightly-2026-04-03,verus-0.2026.08.02.b677dd5	Branded witnesses, alias admission, checked allocation-relative views, Rust-borrowed mutable splits, and source-level bounds/race proofs cover bounded profiles. A mechanical Verus proof of split_at_mut, general launch mappings, authenticated machine effects, and machine-code refinement are not established.
normative	50	Proof-carrying static views	Exact	G5	Partial	source-unit,negative-adversarial,verus-proof	generic	58ea4718a2d3bf7a2eadb37fb7556f99bb2c088f	crates/fe2o3-device/src/views.rs,crates/fe2o3-device/tests/static_view_host_codegen.rs,crates/fe2o3-device/tests/ui/pass/checked_static_tile.rs,examples/verus_vecadd/verus/static_tile.rs,examples/verus_vecadd/run-static-tile-verus.sh	cargo test -p fe2o3-device --locked@@verus --crate-type lib --triggers-mode silent examples/verus_vecadd/verus/static_tile.rs	rust-nightly-2026-04-03,verus-0.2026.08.02.b677dd5	Checked static tiles bind a private non-clone witness to one disjoint mutable region, statically reject constant out-of-bounds access, and have a bounded Verus index proof. Dynamic indexing, general multidimensional views, compiler-to-machine refinement, and GPU execution are not covered.
normative	51	`PreparedLaunch<K>`	Exact	G0,G3,G5	Partial	source-unit,negative-adversarial	generic,gfx942	2fee8b63b77df73b92f4de79caaabc5b623ab867	crates/fe2o3-core/src/memory.rs,crates/fe2o3-host/src/prepared_launch.rs,crates/fe2o3-host/src/generated_argument_plan.rs,crates/fe2o3-host/src/argument_alias.rs,crates/fe2o3-host/src/artifact_binding.rs,crates/fe2o3-host/src/worker_v3_verification_admission.rs,crates/fe2o3-host/src/generated_worker_v3_dispatch.rs,crates/fe2o3-host/src/hsa_executable_lifecycle.rs,crates/fe2o3-host/src/production_application.rs,crates/fe2o3-host/tests/generated_spi_ui.rs,crates/fe2o3-host/tests/worker_v3_verification_admission_ui.rs,crates/fe2o3-macros/src/lib.rs,crates/rustc-codegen-fe2o3/src/rust_type_layout_v3.rs,crates/rustc-codegen-fe2o3/src/compiler_descriptor.rs,crates/rustc-codegen-fe2o3/src/semantic_layout_bridge.rs,crates/reserved-fe2o3-symbols/src/lib.rs	cargo test -p fe2o3-core --all-targets --locked@@cargo test -p fe2o3-host --locked@@cargo test -p fe2o3-host --test generated_spi_ui --locked@@cargo test -p fe2o3-host --test worker_v3_verification_admission_ui --locked@@cargo test -p fe2o3-macros --locked@@cargo test -p rustc-codegen-fe2o3 --lib --locked	rust-nightly-2026-04-03,rocm-7.2	Generic Worker V3 verification, argument preparation, linear HSA load/dispatch, and reviewed adapter contracts exist with compile-fail coverage. The retired Worker V2 lifecycle and exact workload adapters are absent; production verifier authority and Worker V3 hardware execution remain incomplete.
normative	52	`ManagedBarrier` Typestate	Exact	G4,G7	Partial	source-unit,negative-adversarial	generic,gfx942	7ee94f3f652e9838d1ac913ae455cd0ca5bac696	crates/fe2o3-device/src/atomic.rs,crates/fe2o3-device/src/sync.rs,crates/fe2o3-device/tests/atomic_api.rs,crates/fe2o3-device/tests/managed_barrier_api.rs,crates/fe2o3-kernel-ir/src/standard_atomics.rs,crates/fe2o3-kernel-ir/tests/standard_atomics.rs	cargo test -p fe2o3-device --locked@@cargo test -p fe2o3-kernel-ir --test standard_atomics --locked	rust-nightly-2026-04-03,rocm-7.2	Bounded standard atomic mappings cover selected integer operations, orderings, scopes, and an opaque coherent-allocation boundary; managed barrier typestate rejects lifecycle misuse at compile time. Coherent system admission has no public constructor, barrier participant and epoch obligations lack Verus proof, mem forget remains an unsafe contract, and hardware ordering is untested.
normative	53	Device-Scope Atomics	Exact	G4,G7	Partial	source-unit,negative-adversarial,compile-code-object	generic,gfx1151,gfx942,gfx950	2fee8b63b77df73b92f4de79caaabc5b623ab867	crates/fe2o3-kernel-ir/src/ir.rs,crates/fe2o3-amdgcn-model/src/lowering.rs	cargo test -p fe2o3-kernel-ir --locked@@cargo test -p dialect-amdgcn --locked@@FE2O3_TARGET=gfx1151 scripts/ci-local.sh rocm-compile@@FE2O3_TARGET=gfx942 scripts/ci-local.sh rocm-compile@@FE2O3_TARGET=gfx950 scripts/ci-local.sh rocm-compile	rust-nightly-2026-04-03,rocm-7.2	Integer atomic lowering covers bounded operations and scopes; float atomics, standard-library integration, coherent-allocation admission, and hardware memory-order execution remain incomplete.
normative	54	Block-Scope Atomics	Exact	G4,G7	Partial	source-unit,negative-adversarial,compile-code-object	generic,gfx1151,gfx942,gfx950	2fee8b63b77df73b92f4de79caaabc5b623ab867	crates/fe2o3-kernel-ir/src/ir.rs,crates/fe2o3-amdgcn-model/src/lowering.rs	cargo test -p fe2o3-kernel-ir --locked@@cargo test -p dialect-amdgcn --locked@@FE2O3_TARGET=gfx1151 scripts/ci-local.sh rocm-compile@@FE2O3_TARGET=gfx942 scripts/ci-local.sh rocm-compile@@FE2O3_TARGET=gfx950 scripts/ci-local.sh rocm-compile	rust-nightly-2026-04-03,rocm-7.2	Integer atomic lowering covers bounded operations and scopes; float atomics, standard-library integration, coherent-allocation admission, and hardware memory-order execution remain incomplete.
normative	55	System-Scope Atomics	Exact	G4,G6,G7	Partial	source-unit,negative-adversarial,compile-code-object	generic,gfx1151,gfx942,gfx950	2fee8b63b77df73b92f4de79caaabc5b623ab867	crates/fe2o3-kernel-ir/src/ir.rs,crates/fe2o3-amdgcn-model/src/lowering.rs	cargo test -p fe2o3-kernel-ir --locked@@cargo test -p dialect-amdgcn --locked@@FE2O3_TARGET=gfx1151 scripts/ci-local.sh rocm-compile@@FE2O3_TARGET=gfx942 scripts/ci-local.sh rocm-compile@@FE2O3_TARGET=gfx950 scripts/ci-local.sh rocm-compile	rust-nightly-2026-04-03,rocm-7.2	Integer atomic lowering covers bounded operations and scopes; float atomics, standard-library integration, coherent-allocation admission, and hardware memory-order execution remain incomplete.
normative	56	`core::sync::atomic` Support	Exact	G4	Partial	source-unit,negative-adversarial	generic,gfx942	7ee94f3f652e9838d1ac913ae455cd0ca5bac696	crates/fe2o3-device/src/atomic.rs,crates/fe2o3-device/src/sync.rs,crates/fe2o3-device/tests/atomic_api.rs,crates/fe2o3-device/tests/managed_barrier_api.rs,crates/fe2o3-kernel-ir/src/standard_atomics.rs,crates/fe2o3-kernel-ir/tests/standard_atomics.rs	cargo test -p fe2o3-device --locked@@cargo test -p fe2o3-kernel-ir --test standard_atomics --locked	rust-nightly-2026-04-03,rocm-7.2	Bounded standard atomic mappings cover selected integer operations, orderings, scopes, and an opaque coherent-allocation boundary; managed barrier typestate rejects lifecycle misuse at compile time. Coherent system admission has no public constructor, barrier participant and epoch obligations lack Verus proof, mem forget remains an unsafe contract, and hardware ordering is untested.
normative	57	Static Shared Memory	Exact	G4,G7	Partial	source-unit,negative-adversarial,verus-proof	generic,gfx942	c17e847c2017369c1e52d3dfb847001765273cdc	crates/fe2o3-amd-target/src/lib.rs,crates/fe2o3-device/src/collective.rs,crates/fe2o3-device/tests/ui,crates/fe2o3-kernel-ir/src/ir.rs,crates/fe2o3-kernel-ir/tests/wire.rs,crates/dialect-amdgcn/tests/gfx942_wave_lds_v1.rs,crates/dialect-amdgcn/tests/fixtures/gfx942_wave_lds_v1_runner.cpp,examples/verus_vecadd/verus/gfx942_wave_lds_v1.rs,examples/verus_vecadd/verus/negative/gfx942_wave_wrong_extent.rs,examples/verus_vecadd/verus/negative/gfx942_lds_missing_barrier_lane.rs,docs/gfx942-wave-lds-v2.md	cargo test -p fe2o3-device --all-targets --locked@@cargo test -p fe2o3-amd-target --all-targets --locked@@cargo test -p fe2o3-kernel-ir --all-targets --locked@@cargo test -p dialect-amdgcn --all-targets --locked@@cargo test -p dialect-amdgcn --test gfx942_wave_lds_v1 gfx942_xnack_minus_hardware_executes_masked_wave_and_lds_reductions -- --ignored --exact --nocapture@@verus --crate-type lib --triggers-mode silent examples/verus_vecadd/verus/gfx942_wave_lds_v1.rs	rust-nightly-2026-04-03,rocm-7.2,verus-0.2026.08.02.b677dd5	Wave and LDS source, IR, target-model, and Verus evidence cover the bounded gfx942 fragment. General compiler projection, machine-code refinement, and archived hardware strength remain incomplete.
normative	58	Dynamic Shared Memory	Exact	G3,G4,G7	Partial	source-unit,negative-adversarial,compile-code-object,verus-proof	generic,gfx1151,gfx942,gfx950	2fee8b63b77df73b92f4de79caaabc5b623ab867	crates/fe2o3-device/src/lds.rs,crates/fe2o3-kernel-ir/src/ir.rs,crates/fe2o3-amdgcn-model/src/lowering.rs,examples/verus_vecadd/verus/wave_lds.rs	cargo test -p fe2o3-device --locked@@cargo test -p dialect-amdgcn --locked@@verus --crate-type lib --triggers-mode silent examples/verus_vecadd/verus/wave_lds.rs@@FE2O3_TARGET=gfx1151 scripts/ci-local.sh rocm-compile@@FE2O3_TARGET=gfx942 scripts/ci-local.sh rocm-compile@@FE2O3_TARGET=gfx950 scripts/ci-local.sh rocm-compile	rust-nightly-2026-04-03,rocm-7.2,verus-0.2026.08.02.b677dd5	Typed dynamic LDS and modeled static LDS have bounded source and proof contracts; launch-byte admission, cooperative ownership phases, backend refinement, and GPU semantic execution are absent.
normative	59	Distributed Shared Memory (DSMEM)	N/A	G6	N/A	n/a	generic	-	-	-	-	No cross-workgroup LDS address mapping is promised; targets without a proven semantic equivalent reject the capability
normative	60	Thread/Block/Grid Intrinsics	Exact	G1,G4,G5	Partial	source-unit,negative-adversarial,verus-proof	generic	2fee8b63b77df73b92f4de79caaabc5b623ab867	crates/fe2o3-device/src/thread.rs,crates/fe2o3-host/src/argument_alias.rs,examples/verus_vecadd/verus/vecadd.rs,crates/fe2o3-core/src/memory.rs,crates/fe2o3-core/tests/device_buffer_view_ui.rs	cargo test -p fe2o3-device --locked@@cargo test -p fe2o3-host --locked@@verus --crate-type lib --triggers-mode silent examples/verus_vecadd/verus/vecadd.rs	rust-nightly-2026-04-03,verus-0.2026.08.02.b677dd5	Branded witnesses, alias admission, checked allocation-relative views, Rust-borrowed mutable splits, and source-level bounds/race proofs cover bounded profiles. A mechanical Verus proof of split_at_mut, general launch mappings, authenticated machine effects, and machine-code refinement are not established.
normative	61	Block Synchronization	Exact	G4,G7	Partial	source-unit,negative-adversarial,verus-proof	generic,gfx942	c17e847c2017369c1e52d3dfb847001765273cdc	crates/fe2o3-amd-target/src/lib.rs,crates/fe2o3-device/src/collective.rs,crates/fe2o3-device/tests/ui,crates/fe2o3-kernel-ir/src/ir.rs,crates/fe2o3-kernel-ir/tests/wire.rs,crates/dialect-amdgcn/tests/gfx942_wave_lds_v1.rs,crates/dialect-amdgcn/tests/fixtures/gfx942_wave_lds_v1_runner.cpp,examples/verus_vecadd/verus/gfx942_wave_lds_v1.rs,examples/verus_vecadd/verus/negative/gfx942_wave_wrong_extent.rs,examples/verus_vecadd/verus/negative/gfx942_lds_missing_barrier_lane.rs,docs/gfx942-wave-lds-v2.md	cargo test -p fe2o3-device --all-targets --locked@@cargo test -p fe2o3-amd-target --all-targets --locked@@cargo test -p fe2o3-kernel-ir --all-targets --locked@@cargo test -p dialect-amdgcn --all-targets --locked@@cargo test -p dialect-amdgcn --test gfx942_wave_lds_v1 gfx942_xnack_minus_hardware_executes_masked_wave_and_lds_reductions -- --ignored --exact --nocapture@@verus --crate-type lib --triggers-mode silent examples/verus_vecadd/verus/gfx942_wave_lds_v1.rs	rust-nightly-2026-04-03,rocm-7.2,verus-0.2026.08.02.b677dd5	Wave and LDS source, IR, target-model, and Verus evidence cover the bounded gfx942 fragment. General compiler projection, machine-code refinement, and archived hardware strength remain incomplete.
normative	62	Async Barriers (mbarrier)	AMD-equivalent	G6,G7	Partial	source-unit,negative-adversarial	generic,gfx942	234129b911516ee7f62dadf03abea42e70212fdb	crates/fe2o3-device/src/collective.rs,crates/fe2o3-device/src/sync.rs,crates/fe2o3-kernel-ir/src/ir.rs,crates/fe2o3-amdgcn-model/src/lowering.rs,crates/dialect-amdgcn/tests/gfx942_wave_lds_v1.rs	cargo test -p fe2o3-device --locked@@cargo test -p fe2o3-kernel-ir --locked@@cargo test -p dialect-amdgcn --test gfx942_wave_lds_v1 --locked	rust-nightly-2026-04-03,rocm-7.2	Typed collective and synchronization APIs, target-neutral IR, and gfx942 dialect lowering cover the bounded modeled fragment. General compiler projection, numerical hardware execution, and machine-code refinement remain incomplete.
normative	63	Cluster Synchronization	N/A	G6	N/A	n/a	generic	-	-	-	-	No CUDA thread-block-cluster promise; reject cluster-only kernels unless a future AMD target adds a modeled equivalent
normative	64	Fence Operations	AMD-equivalent	G4,G6	Partial	source-unit,negative-adversarial,compile-code-object	generic,gfx1151,gfx942	2fee8b63b77df73b92f4de79caaabc5b623ab867	crates/fe2o3-device/src/sync.rs,crates/fe2o3-amdgcn-model/src/lowering.rs	cargo test -p fe2o3-device --locked@@cargo test -p dialect-amdgcn --locked@@FE2O3_TARGET=gfx1151 scripts/ci-local.sh rocm-compile@@FE2O3_TARGET=gfx942 scripts/ci-local.sh rocm-compile	rust-nightly-2026-04-03,rocm-7.2	Scoped fence lowering is bounded to modeled AMD semantics; CUDA proxy operations and hardware ordering validation are not provided.
normative	65	Warp Shuffle Operations	AMD-equivalent	G4,G7	Partial	source-unit,negative-adversarial,verus-proof	generic,gfx942	c17e847c2017369c1e52d3dfb847001765273cdc	crates/fe2o3-amd-target/src/lib.rs,crates/fe2o3-device/src/collective.rs,crates/fe2o3-device/tests/ui,crates/fe2o3-kernel-ir/src/ir.rs,crates/fe2o3-kernel-ir/tests/wire.rs,crates/dialect-amdgcn/tests/gfx942_wave_lds_v1.rs,crates/dialect-amdgcn/tests/fixtures/gfx942_wave_lds_v1_runner.cpp,examples/verus_vecadd/verus/gfx942_wave_lds_v1.rs,examples/verus_vecadd/verus/negative/gfx942_wave_wrong_extent.rs,examples/verus_vecadd/verus/negative/gfx942_lds_missing_barrier_lane.rs,docs/gfx942-wave-lds-v2.md	cargo test -p fe2o3-device --all-targets --locked@@cargo test -p fe2o3-amd-target --all-targets --locked@@cargo test -p fe2o3-kernel-ir --all-targets --locked@@cargo test -p dialect-amdgcn --all-targets --locked@@cargo test -p dialect-amdgcn --test gfx942_wave_lds_v1 gfx942_xnack_minus_hardware_executes_masked_wave_and_lds_reductions -- --ignored --exact --nocapture@@verus --crate-type lib --triggers-mode silent examples/verus_vecadd/verus/gfx942_wave_lds_v1.rs	rust-nightly-2026-04-03,rocm-7.2,verus-0.2026.08.02.b677dd5	Wave and LDS source, IR, target-model, and Verus evidence cover the bounded gfx942 fragment. General compiler projection, machine-code refinement, and archived hardware strength remain incomplete.
normative	66	Warp Vote Operations	AMD-equivalent	G4,G7	Partial	source-unit,negative-adversarial,compile-code-object,verus-proof	generic,gfx1151,gfx942,gfx950	2fee8b63b77df73b92f4de79caaabc5b623ab867	crates/fe2o3-device/src/wave.rs,crates/fe2o3-kernel-ir/src/ir.rs,crates/fe2o3-amdgcn-model/src/lowering.rs,examples/verus_vecadd/verus/wave_lds.rs	cargo test -p fe2o3-device --locked@@cargo test -p fe2o3-kernel-ir --locked@@cargo test -p dialect-amdgcn --locked@@verus --crate-type lib --triggers-mode silent examples/verus_vecadd/verus/wave_lds.rs@@FE2O3_TARGET=gfx1151 scripts/ci-local.sh rocm-compile@@FE2O3_TARGET=gfx942 scripts/ci-local.sh rocm-compile@@FE2O3_TARGET=gfx950 scripts/ci-local.sh rocm-compile	rust-nightly-2026-04-03,rocm-7.2,verus-0.2026.08.02.b677dd5	Wave32/wave64 lane, vote, ballot, and bounded shuffle operations exist; partial waves, dynamic tiles, broad types, reductions/scans, hardware execution, and backend refinement remain gaps.
normative	67	Lane/Warp ID	AMD-equivalent	G4	Partial	source-unit,negative-adversarial,compile-code-object,verus-proof	generic,gfx1151,gfx942,gfx950	2fee8b63b77df73b92f4de79caaabc5b623ab867	crates/fe2o3-device/src/wave.rs,crates/fe2o3-kernel-ir/src/ir.rs,crates/fe2o3-amdgcn-model/src/lowering.rs,examples/verus_vecadd/verus/wave_lds.rs	cargo test -p fe2o3-device --locked@@cargo test -p fe2o3-kernel-ir --locked@@cargo test -p dialect-amdgcn --locked@@verus --crate-type lib --triggers-mode silent examples/verus_vecadd/verus/wave_lds.rs@@FE2O3_TARGET=gfx1151 scripts/ci-local.sh rocm-compile@@FE2O3_TARGET=gfx942 scripts/ci-local.sh rocm-compile@@FE2O3_TARGET=gfx950 scripts/ci-local.sh rocm-compile	rust-nightly-2026-04-03,rocm-7.2,verus-0.2026.08.02.b677dd5	Wave32/wave64 lane, vote, ballot, and bounded shuffle operations exist; partial waves, dynamic tiles, broad types, reductions/scans, hardware execution, and backend refinement remain gaps.
normative	68	Typed Group Handles	AMD-equivalent	G4,G6	Partial	source-unit,negative-adversarial	generic,gfx942	a2c12e2c591e25be1366acf3d935f577d0758521	crates/fe2o3-device/src/group.rs,crates/fe2o3-device/src/group/tests.rs	cargo test -p fe2o3-device --lib --locked	rust-nightly-2026-04-03	Compiler-visible Grid, Workgroup, Wave64 SubgroupTile, and active-lane group contracts provide bounded size and rank APIs with sealed witnesses. They are snapshot values rather than authenticated execution identities; cluster semantics, general wave widths, persistent EXEC authority, universal synchronization, and end-to-end lowering remain incomplete.
normative	69	Group Universal API	Exact	G4	Partial	source-unit,negative-adversarial	generic,gfx942	a2c12e2c591e25be1366acf3d935f577d0758521	crates/fe2o3-device/src/group.rs,crates/fe2o3-device/src/group/tests.rs	cargo test -p fe2o3-device --lib --locked	rust-nightly-2026-04-03	Compiler-visible Grid, Workgroup, Wave64 SubgroupTile, and active-lane group contracts provide bounded size and rank APIs with sealed witnesses. They are snapshot values rather than authenticated execution identities; cluster semantics, general wave widths, persistent EXEC authority, universal synchronization, and end-to-end lowering remain incomplete.
normative	70	Warp Tile Partitioning	AMD-equivalent	G4,G7	Partial	source-unit,negative-adversarial,compile-code-object,verus-proof	generic,gfx1151,gfx942,gfx950	2fee8b63b77df73b92f4de79caaabc5b623ab867	crates/fe2o3-device/src/wave.rs,crates/fe2o3-kernel-ir/src/ir.rs,crates/fe2o3-amdgcn-model/src/lowering.rs,examples/verus_vecadd/verus/wave_lds.rs	cargo test -p fe2o3-device --locked@@cargo test -p fe2o3-kernel-ir --locked@@cargo test -p dialect-amdgcn --locked@@verus --crate-type lib --triggers-mode silent examples/verus_vecadd/verus/wave_lds.rs@@FE2O3_TARGET=gfx1151 scripts/ci-local.sh rocm-compile@@FE2O3_TARGET=gfx942 scripts/ci-local.sh rocm-compile@@FE2O3_TARGET=gfx950 scripts/ci-local.sh rocm-compile	rust-nightly-2026-04-03,rocm-7.2,verus-0.2026.08.02.b677dd5	Wave32/wave64 lane, vote, ballot, and bounded shuffle operations exist; partial waves, dynamic tiles, broad types, reductions/scans, hardware execution, and backend refinement remain gaps.
normative	71	Warp Collectives	AMD-equivalent	G4,G7	Partial	source-unit,negative-adversarial,compile-code-object,verus-proof	generic,gfx1151,gfx942,gfx950	2fee8b63b77df73b92f4de79caaabc5b623ab867	crates/fe2o3-device/src/wave.rs,crates/fe2o3-kernel-ir/src/ir.rs,crates/fe2o3-amdgcn-model/src/lowering.rs,examples/verus_vecadd/verus/wave_lds.rs	cargo test -p fe2o3-device --locked@@cargo test -p fe2o3-kernel-ir --locked@@cargo test -p dialect-amdgcn --locked@@verus --crate-type lib --triggers-mode silent examples/verus_vecadd/verus/wave_lds.rs@@FE2O3_TARGET=gfx1151 scripts/ci-local.sh rocm-compile@@FE2O3_TARGET=gfx942 scripts/ci-local.sh rocm-compile@@FE2O3_TARGET=gfx950 scripts/ci-local.sh rocm-compile	rust-nightly-2026-04-03,rocm-7.2,verus-0.2026.08.02.b677dd5	Wave32/wave64 lane, vote, ballot, and bounded shuffle operations exist; partial waves, dynamic tiles, broad types, reductions/scans, hardware execution, and backend refinement remain gaps.
normative	72	Warp Reductions / Scans	AMD-equivalent	G4,G7	Partial	source-unit,negative-adversarial,verus-proof	generic,gfx942	c17e847c2017369c1e52d3dfb847001765273cdc	crates/fe2o3-amd-target/src/lib.rs,crates/fe2o3-device/src/collective.rs,crates/fe2o3-device/tests/ui,crates/fe2o3-kernel-ir/src/ir.rs,crates/fe2o3-kernel-ir/tests/wire.rs,crates/dialect-amdgcn/tests/gfx942_wave_lds_v1.rs,crates/dialect-amdgcn/tests/fixtures/gfx942_wave_lds_v1_runner.cpp,examples/verus_vecadd/verus/gfx942_wave_lds_v1.rs,examples/verus_vecadd/verus/negative/gfx942_wave_wrong_extent.rs,examples/verus_vecadd/verus/negative/gfx942_lds_missing_barrier_lane.rs,docs/gfx942-wave-lds-v2.md	cargo test -p fe2o3-device --all-targets --locked@@cargo test -p fe2o3-amd-target --all-targets --locked@@cargo test -p fe2o3-kernel-ir --all-targets --locked@@cargo test -p dialect-amdgcn --all-targets --locked@@cargo test -p dialect-amdgcn --test gfx942_wave_lds_v1 gfx942_xnack_minus_hardware_executes_masked_wave_and_lds_reductions -- --ignored --exact --nocapture@@verus --crate-type lib --triggers-mode silent examples/verus_vecadd/verus/gfx942_wave_lds_v1.rs	rust-nightly-2026-04-03,rocm-7.2,verus-0.2026.08.02.b677dd5	Wave and LDS source, IR, target-model, and Verus evidence cover the bounded gfx942 fragment. General compiler projection, machine-code refinement, and archived hardware strength remain incomplete.
normative	73	Block Reductions / Scans	Exact	G4,G7	Partial	source-unit,negative-adversarial,verus-proof	generic,gfx942	c17e847c2017369c1e52d3dfb847001765273cdc	crates/fe2o3-amd-target/src/lib.rs,crates/fe2o3-device/src/collective.rs,crates/fe2o3-device/tests/ui,crates/fe2o3-kernel-ir/src/ir.rs,crates/fe2o3-kernel-ir/tests/wire.rs,crates/dialect-amdgcn/tests/gfx942_wave_lds_v1.rs,crates/dialect-amdgcn/tests/fixtures/gfx942_wave_lds_v1_runner.cpp,examples/verus_vecadd/verus/gfx942_wave_lds_v1.rs,examples/verus_vecadd/verus/negative/gfx942_wave_wrong_extent.rs,examples/verus_vecadd/verus/negative/gfx942_lds_missing_barrier_lane.rs,docs/gfx942-wave-lds-v2.md	cargo test -p fe2o3-device --all-targets --locked@@cargo test -p fe2o3-amd-target --all-targets --locked@@cargo test -p fe2o3-kernel-ir --all-targets --locked@@cargo test -p dialect-amdgcn --all-targets --locked@@cargo test -p dialect-amdgcn --test gfx942_wave_lds_v1 gfx942_xnack_minus_hardware_executes_masked_wave_and_lds_reductions -- --ignored --exact --nocapture@@verus --crate-type lib --triggers-mode silent examples/verus_vecadd/verus/gfx942_wave_lds_v1.rs	rust-nightly-2026-04-03,rocm-7.2,verus-0.2026.08.02.b677dd5	Wave and LDS source, IR, target-model, and Verus evidence cover the bounded gfx942 fragment. General compiler projection, machine-code refinement, and archived hardware strength remain incomplete.
normative	74	Cooperative Kernel Launch	AMD-equivalent	G6,G7	Partial	source-unit,negative-adversarial	generic	2fee8b63b77df73b92f4de79caaabc5b623ab867	crates/fe2o3-core/src/cooperative.rs,crates/fe2o3-kernel-descriptor/src/lib.rs	cargo test -p fe2o3-core --locked@@cargo test -p fe2o3-kernel-descriptor --locked	rust-nightly-2026-04-03	Low-level cooperative capability and launch constraints are modeled, but the retired host cooperative-launch bridge is deleted and Worker V3 does not yet authorize cooperative dispatch or observe per-kernel occupancy.
normative	75	`gpu_printf!` Macro	AMD-equivalent	G4	Partial	source-unit,negative-adversarial	generic,gfx942	e76653692fa4de2a318aa646671fae7008ba9c17	crates/fe2o3-device/src/diagnostics.rs,crates/fe2o3-kernel-ir/tests/amdgpu_diagnostics.rs,crates/dialect-amdgcn/tests/gfx942_diagnostics.rs,crates/fe2o3-device/tests/ui/pass/gfx942_diagnostics_contract.rs	cargo test -p fe2o3-device --locked@@cargo test -p fe2o3-kernel-ir --test amdgpu_diagnostics --locked@@cargo test -p dialect-amdgcn --test gfx942_diagnostics --locked	rust-nightly-2026-04-03,rocm-7.2	The typed diagnostics source contract and target dialect model cover the bounded gfx942 operations. The retired exact compiler-lowering fixture is not current evidence; host-readable formatting, hardware execution, and other targets remain absent.
normative	76	`gpu_assert!` Macro	Exact	G4	Partial	source-unit,negative-adversarial	generic,gfx942	e76653692fa4de2a318aa646671fae7008ba9c17	crates/fe2o3-device/src/diagnostics.rs,crates/fe2o3-kernel-ir/tests/amdgpu_diagnostics.rs,crates/dialect-amdgcn/tests/gfx942_diagnostics.rs,crates/fe2o3-device/tests/ui/pass/gfx942_diagnostics_contract.rs	cargo test -p fe2o3-device --locked@@cargo test -p fe2o3-kernel-ir --test amdgpu_diagnostics --locked@@cargo test -p dialect-amdgcn --test gfx942_diagnostics --locked	rust-nightly-2026-04-03,rocm-7.2	The typed diagnostics source contract and target dialect model cover the bounded gfx942 operations. The retired exact compiler-lowering fixture is not current evidence; host-readable formatting, hardware execution, and other targets remain absent.
normative	77	Debug Intrinsics	AMD-equivalent	G4,G8	Partial	source-unit,negative-adversarial	generic,gfx942	e76653692fa4de2a318aa646671fae7008ba9c17	crates/fe2o3-device/src/diagnostics.rs,crates/fe2o3-kernel-ir/tests/amdgpu_diagnostics.rs,crates/dialect-amdgcn/tests/gfx942_diagnostics.rs,crates/fe2o3-device/tests/ui/pass/gfx942_diagnostics_contract.rs	cargo test -p fe2o3-device --locked@@cargo test -p fe2o3-kernel-ir --test amdgpu_diagnostics --locked@@cargo test -p dialect-amdgcn --test gfx942_diagnostics --locked	rust-nightly-2026-04-03,rocm-7.2	The typed diagnostics source contract and target dialect model cover the bounded gfx942 operations. The retired exact compiler-lowering fixture is not current evidence; host-readable formatting, hardware execution, and other targets remain absent.
normative	78	`#[cuda_module]` Typed Launch	Exact	G3	Partial	source-unit,negative-adversarial	generic,gfx942	2fee8b63b77df73b92f4de79caaabc5b623ab867	crates/fe2o3-core/src/memory.rs,crates/fe2o3-host/src/prepared_launch.rs,crates/fe2o3-host/src/generated_argument_plan.rs,crates/fe2o3-host/src/argument_alias.rs,crates/fe2o3-host/src/artifact_binding.rs,crates/fe2o3-host/src/worker_v3_verification_admission.rs,crates/fe2o3-host/src/generated_worker_v3_dispatch.rs,crates/fe2o3-host/src/hsa_executable_lifecycle.rs,crates/fe2o3-host/src/production_application.rs,crates/fe2o3-host/tests/generated_spi_ui.rs,crates/fe2o3-host/tests/worker_v3_verification_admission_ui.rs,crates/fe2o3-macros/src/lib.rs,crates/rustc-codegen-fe2o3/src/rust_type_layout_v3.rs,crates/rustc-codegen-fe2o3/src/compiler_descriptor.rs,crates/rustc-codegen-fe2o3/src/semantic_layout_bridge.rs,crates/reserved-fe2o3-symbols/src/lib.rs	cargo test -p fe2o3-core --all-targets --locked@@cargo test -p fe2o3-host --locked@@cargo test -p fe2o3-host --test generated_spi_ui --locked@@cargo test -p fe2o3-host --test worker_v3_verification_admission_ui --locked@@cargo test -p fe2o3-macros --locked@@cargo test -p rustc-codegen-fe2o3 --lib --locked	rust-nightly-2026-04-03,rocm-7.2	Generic Worker V3 verification, argument preparation, linear HSA load/dispatch, and reviewed adapter contracts exist with compile-fail coverage. The retired Worker V2 lifecycle and exact workload adapters are absent; production verifier authority and Worker V3 hardware execution remain incomplete.
normative	79	`#[launch_contract]` / `PreparedLaunch<K>`	Exact	G0,G3,G5	Partial	source-unit,negative-adversarial	generic,gfx942	2fee8b63b77df73b92f4de79caaabc5b623ab867	crates/fe2o3-core/src/memory.rs,crates/fe2o3-host/src/prepared_launch.rs,crates/fe2o3-host/src/generated_argument_plan.rs,crates/fe2o3-host/src/argument_alias.rs,crates/fe2o3-host/src/artifact_binding.rs,crates/fe2o3-host/src/worker_v3_verification_admission.rs,crates/fe2o3-host/src/generated_worker_v3_dispatch.rs,crates/fe2o3-host/src/hsa_executable_lifecycle.rs,crates/fe2o3-host/src/production_application.rs,crates/fe2o3-host/tests/generated_spi_ui.rs,crates/fe2o3-host/tests/worker_v3_verification_admission_ui.rs,crates/fe2o3-macros/src/lib.rs,crates/rustc-codegen-fe2o3/src/rust_type_layout_v3.rs,crates/rustc-codegen-fe2o3/src/compiler_descriptor.rs,crates/rustc-codegen-fe2o3/src/semantic_layout_bridge.rs,crates/reserved-fe2o3-symbols/src/lib.rs	cargo test -p fe2o3-core --all-targets --locked@@cargo test -p fe2o3-host --locked@@cargo test -p fe2o3-host --test generated_spi_ui --locked@@cargo test -p fe2o3-host --test worker_v3_verification_admission_ui --locked@@cargo test -p fe2o3-macros --locked@@cargo test -p rustc-codegen-fe2o3 --lib --locked	rust-nightly-2026-04-03,rocm-7.2	Generic Worker V3 verification, argument preparation, linear HSA load/dispatch, and reviewed adapter contracts exist with compile-fail coverage. The retired Worker V2 lifecycle and exact workload adapters are absent; production verifier authority and Worker V3 hardware execution remain incomplete.
normative	80	`cuda_launch!` Macro	Exact	G0,G3	Partial	source-unit,negative-adversarial	generic,gfx942	2fee8b63b77df73b92f4de79caaabc5b623ab867	crates/fe2o3-core/src/memory.rs,crates/fe2o3-host/src/prepared_launch.rs,crates/fe2o3-host/src/generated_argument_plan.rs,crates/fe2o3-host/src/argument_alias.rs,crates/fe2o3-host/src/artifact_binding.rs,crates/fe2o3-host/src/worker_v3_verification_admission.rs,crates/fe2o3-host/src/generated_worker_v3_dispatch.rs,crates/fe2o3-host/src/hsa_executable_lifecycle.rs,crates/fe2o3-host/src/production_application.rs,crates/fe2o3-host/tests/generated_spi_ui.rs,crates/fe2o3-host/tests/worker_v3_verification_admission_ui.rs,crates/fe2o3-macros/src/lib.rs,crates/rustc-codegen-fe2o3/src/rust_type_layout_v3.rs,crates/rustc-codegen-fe2o3/src/compiler_descriptor.rs,crates/rustc-codegen-fe2o3/src/semantic_layout_bridge.rs,crates/reserved-fe2o3-symbols/src/lib.rs	cargo test -p fe2o3-core --all-targets --locked@@cargo test -p fe2o3-host --locked@@cargo test -p fe2o3-host --test generated_spi_ui --locked@@cargo test -p fe2o3-host --test worker_v3_verification_admission_ui --locked@@cargo test -p fe2o3-macros --locked@@cargo test -p rustc-codegen-fe2o3 --lib --locked	rust-nightly-2026-04-03,rocm-7.2	Generic Worker V3 verification, argument preparation, linear HSA load/dispatch, and reviewed adapter contracts exist with compile-fail coverage. The retired Worker V2 lifecycle and exact workload adapters are absent; production verifier authority and Worker V3 hardware execution remain incomplete.
normative	81	`cuda_launch_async!` Macro	Exact	G3	Partial	source-unit,negative-adversarial	generic,gfx942	2fee8b63b77df73b92f4de79caaabc5b623ab867	crates/fe2o3-completion/src/lifecycle.rs,crates/fe2o3-core/src/operation.rs,crates/fe2o3-hsa-runtime/src/dispatch.rs,crates/fe2o3-hsa-runtime/src/lifecycle.rs,crates/fe2o3-hsa-runtime/tests/ui/authority/executable_cannot_unload_while_kernel_set_is_live.rs,crates/fe2o3-hsa-runtime/tests/ui/authority/kernel_set_cannot_clone.rs	cargo test -p fe2o3-completion --locked@@cargo test -p fe2o3-core --locked@@cargo test -p fe2o3-hsa-runtime --locked	rust-nightly-2026-04-03,rocm-7.2	The completion model is fail-closed with exactly-once reclamation, while the HSA lifecycle resolves an exact non-clone kernel set, retains the executable borrow, and rejects duplicate symbols, native aliases, and cross-kernel queue or kernarg identity. General generated async composition, generic second-kernel dispatch, cancellation proof, and live local or remote hardware execution are not established.
normative	82	`#[launch_bounds]`	AMD-equivalent	G4	Partial	source-unit,negative-adversarial	generic,gfx942	78b66b270843b75310c4c8c12b134e4589697a5a	crates/fe2o3-kernel-descriptor/src/launch_policy.rs,crates/fe2o3-kernel-descriptor/tests/launch_policy.rs,crates/dialect-amdgcn/tests/launch_policy.rs	cargo test -p fe2o3-kernel-descriptor --test launch_policy --locked@@cargo test -p dialect-amdgcn --test launch_policy --locked	rust-nightly-2026-04-03,rocm-7.2	Bounded gfx942 kernel families retain typed policy identity and emit validated flat-workgroup-size and waves-per-EU metadata. Only approved policy variants and limits are modeled; automatic occupancy derivation, general annotations, artifact-bundle integration, runtime enforcement, other architectures, and hardware execution remain incomplete.
normative	83	`#[cluster_launch]`	N/A	G6	N/A	n/a	generic	-	-	-	-	CUDA cluster dimensions are not accepted as portable AMD launch metadata
normative	84	TMA Bulk Tensor Copy (1D-5D)	N/A	G6	N/A	n/a	generic	-	-	-	-	No claim of CUDA TMA descriptor parity; separate AMD async global-to-LDS capabilities may be added under their own semantics
normative	85	TMA Multicast	N/A	G6	N/A	n/a	generic	-	-	-	-	No CUDA TMA multicast contract is exposed on AMD targets
normative	86	TMA Commit/Wait Groups	N/A	G6	N/A	n/a	generic	-	-	-	-	CUDA TMA group semantics are not emulated; AMD async operations use their native completion model
normative	87	Rust `asm!` macro	AMD-equivalent	G6	Partial	source-unit,negative-adversarial,compile-code-object	generic,gfx942	2fee8b63b77df73b92f4de79caaabc5b623ab867	crates/fe2o3-kernel-ir/src/ir.rs,crates/fe2o3-kernel-ir/src/verify.rs,crates/fe2o3-kernel-ir/tests/inline_assembly.rs,crates/fe2o3-amdgcn-model/src/lowering.rs,crates/dialect-amdgcn/tests/gfx942_inline_assembly.rs	cargo test -p fe2o3-kernel-ir --test inline_assembly --locked@@cargo test -p dialect-amdgcn --test gfx942_inline_assembly --locked@@FE2O3_TARGET=gfx942 scripts/ci-local.sh rocm-compile	rust-nightly-2026-04-03,rocm-7.2	Source-bound AMDGPU inline assembly has bounded operand, option, effect, capability, verification, and gfx942 lowering coverage. It is not a public amdgpu_asm! API, and general rustc operand/clobber semantics and hardware execution remain incomplete.
normative	88	FP8 / MX Data Types	AMD-equivalent	G6	Partial	source-unit,negative-adversarial	generic,gfx942	e9c0cb9d4b06ed8916e56c18cb123f5ec21b4c9a	crates/fe2o3-device/src/fp8.rs,crates/fe2o3-device/src/mx.rs,crates/fe2o3-device/tests/fp8_api.rs,crates/fe2o3-device/tests/fp8_gfx942_golden.rs,crates/fe2o3-device/tests/mx_numeric_api.rs	cargo test -p fe2o3-device --test fp8_api --locked@@cargo test -p fe2o3-device --test fp8_gfx942_golden --locked@@cargo test -p fe2o3-device --test mx_numeric_api --locked	rust-nightly-2026-04-03,rocm-7.2	Bounded AMD FP8 values and E8M0 microscaling contracts provide explicit layouts, conversion behavior, target gating, and numeric and golden tests. The complete format and rounding matrix, packed operations, MFMA composition, edge-case device execution, and architecture breadth remain incomplete.
normative	89	Dynamic Dispatch (`dyn Trait`)	N/A	G8	N/A	n/a	generic	-	-	-	-	Not a parity deliverable; use monomorphized static dispatch
normative	90	Heap Allocation (`Box`, `Vec`)	N/A	G8	N/A	n/a	generic	-	-	-	-	No default device allocator; raw target extensions require a separate proposal
normative	91	`String` / `format_args!`	N/A	G8	N/A	n/a	generic	-	-	-	-	No device string allocation; use bounded formatting/device print facilities
normative	92	Panic / Unwinding	N/A	G2,G8	N/A	n/a	generic	-	-	-	-	Device panic paths trap; unwind edges are rejected or erased only under documented abort semantics
normative	93	Standard Library (`std`/`alloc`)	N/A	G1,G8	N/A	n/a	generic	-	-	-	-	Device graph supports `core` plus approved device crates; diagnostics include the reachable call chain
normative	94	Texture Memory	N/A	G8	N/A	n/a	generic	-	-	-	-	Not required by the pinned baseline; a future AMD image/texture proposal is an extension, not parity
supplemental	S01	Versioned target-neutral artifact container	Exact	G3	Partial	source-unit,negative-adversarial	generic,gfx942	2fee8b63b77df73b92f4de79caaabc5b623ab867	crates/fe2o3-artifacts/src/container.rs,crates/fe2o3-artifacts/src/bundle.rs,crates/fe2o3-artifacts/src/gfx942_bundle.rs,crates/fe2o3-artifacts/tests/gfx942_bundle.rs	cargo test -p fe2o3-artifacts --locked	rust-nightly-2026-04-03	The canonical profile admits exactly two kernels bound to one shared gfx942 native payload and per-kernel proof records, with substitution and duplicate rejection. It is a bounded profile rather than general compiler-produced bundles, and this evidence does not load or execute either kernel.
supplemental	S02	Artifact finalization and provenance	AMD-equivalent	G3,G6	Partial	source-unit,negative-adversarial	generic,gfx942	2fee8b63b77df73b92f4de79caaabc5b623ab867	crates/fe2o3-hsaco-finalize/src/link_plan.rs,crates/fe2o3-hsaco-finalize/src/first_build_worker_v3.rs,crates/fe2o3-hsaco-finalize/src/worker_executor.rs,crates/fe2o3-hsaco-finalize/src/worker_v3_hsaco_publication.rs,crates/fe2o3-artifact-transaction/src/attempt_scoped_hsaco_publication.rs,crates/fe2o3-artifact-transaction/src/durable_link_publication.rs,crates/fe2o3-artifact-transaction/src/durable_published_claim.rs,tools/fe2o3-llvm-link-worker/src/WorkerPipeline.cpp,tools/fe2o3-llvm-link-worker/tests/PipelineTests.cpp,crates/fe2o3-hsaco-finalize/tests/worker_v3_hsaco_admission.rs	cargo test -p fe2o3-hsaco-finalize --locked@@cargo test -p fe2o3-artifact-transaction --locked@@scripts/tests/run-parity-snapshot.sh	rust-nightly-2026-04-03,rocm-7.2,llvm-api-mechanics	The shared LLVM/LLD engine feeds the sole Worker V3 publication route with exact link-plan, attempt, finalizer, and durable-currentness checks. Standalone Worker V2 publication is retired; these records do not authenticate compiler semantics or grant HSA launch authority.
supplemental	S03	Typed async `DeviceOperation` model	Exact	G3	Partial	source-unit,negative-adversarial	generic,gfx942	2fee8b63b77df73b92f4de79caaabc5b623ab867	crates/fe2o3-completion/src/lifecycle.rs,crates/fe2o3-core/src/operation.rs,crates/fe2o3-hsa-runtime/src/dispatch.rs,crates/fe2o3-hsa-runtime/src/lifecycle.rs,crates/fe2o3-hsa-runtime/tests/ui/authority/executable_cannot_unload_while_kernel_set_is_live.rs,crates/fe2o3-hsa-runtime/tests/ui/authority/kernel_set_cannot_clone.rs	cargo test -p fe2o3-completion --locked@@cargo test -p fe2o3-core --locked@@cargo test -p fe2o3-hsa-runtime --locked	rust-nightly-2026-04-03,rocm-7.2	The completion model is fail-closed with exactly-once reclamation, while the HSA lifecycle resolves an exact non-clone kernel set, retains the executable borrow, and rejects duplicate symbols, native aliases, and cross-kernel queue or kernarg identity. General generated async composition, generic second-kernel dispatch, cancellation proof, and live local or remote hardware execution are not established.
supplemental	S04	`DeviceCopy` derive and manifest-gated device types	Exact	G3	Partial	source-unit,negative-adversarial	generic	2fee8b63b77df73b92f4de79caaabc5b623ab867	crates/fe2o3-core/src/device_copy.rs	cargo test -p fe2o3-core --locked	rust-nightly-2026-04-03	Host-transfer bit validity is modeled for approved types; general manifest-derived device interpretation and compiler-enforced ABI identity remain incomplete.
supplemental	S05	Pinned host buffers and events	Exact	G3	Partial	source-unit,negative-adversarial	generic	2fee8b63b77df73b92f4de79caaabc5b623ab867	crates/fe2o3-core/src/pinned_memory.rs,crates/fe2o3-core/src/event.rs	cargo test -p fe2o3-core --locked	rust-nightly-2026-04-03	Pinned memory and event lifetime APIs are covered at source/unit level; broad hardware ordering, cancellation, and multi-stream execution evidence is not recorded here.
supplemental	S06	VMM, peer access, and multi-device memory	AMD-equivalent	G6	Partial	source-unit,negative-adversarial	generic	2fee8b63b77df73b92f4de79caaabc5b623ab867	crates/fe2o3-core/src/peer_access.rs,crates/fe2o3-core/src/memory.rs	cargo test -p fe2o3-core --locked	rust-nightly-2026-04-03	Directional peer observation and enablement retain exact contexts and linear cleanup ownership, including ambiguous-failure retention; they grant no pointer validity, copy, coherence, alias, race, completion, topology, or virtual-memory authority.
supplemental	S07	Device constants, statics, and relocations	Exact	G2,G6	Partial	source-unit,negative-adversarial	generic	2fee8b63b77df73b92f4de79caaabc5b623ab867	crates/fe2o3-mir-model/src/semantic_constant.rs	cargo test -p dialect-mir --locked	rust-nightly-2026-04-03	Bounded semantic constants and data relocations are modeled; rustc promotions, emitted device globals/statics, supported symbol resolution, and GPU execution are not integrated.
supplemental	S08	Kernel families and compile-time policies	Exact	G2,G3	Partial	source-unit,negative-adversarial	generic,gfx942	78b66b270843b75310c4c8c12b134e4589697a5a	crates/fe2o3-kernel-descriptor/src/launch_policy.rs,crates/fe2o3-kernel-descriptor/tests/launch_policy.rs,crates/dialect-amdgcn/tests/launch_policy.rs	cargo test -p fe2o3-kernel-descriptor --test launch_policy --locked@@cargo test -p dialect-amdgcn --test launch_policy --locked	rust-nightly-2026-04-03,rocm-7.2	Bounded gfx942 kernel families retain typed policy identity and emit validated flat-workgroup-size and waves-per-EU metadata. Only approved policy variants and limits are modeled; automatic occupancy derivation, general annotations, artifact-bundle integration, runtime enforcement, other architectures, and hardware execution remain incomplete.
supplemental	S09	Source debug metadata	Exact	G2,G8	Partial	source-unit,negative-adversarial	generic,gfx942	6cfec9aad9267e9355842c9f3c1408e366c7fcd9	crates/fe2o3-process-identity/src/lib.rs,scripts/s09-debug-check.py,scripts/s09-rocgdb-profile.sh,scripts/tests/s09-debug.sh	scripts/tests/s09-debug.sh	rust-nightly-2026-04-03,rocm-7.2	The retained composite-debug harness tests bounded identity and ROCgdb transcript policy. Its former compiler source-debug producer is retired, so this row grants no current compiler debug-emission or production authority claim.
supplemental	S10	Differential MIR/codegen fuzzer	Exact	G8	Partial	source-unit,negative-adversarial	generic	2fee8b63b77df73b92f4de79caaabc5b623ab867	crates/fe2o3-differential/src/generate.rs,crates/fe2o3-differential/src/eval.rs,scripts/differential/harness.py,scripts/differential/reference.cpp	cargo test -p fe2o3-differential --locked@@scripts/tests/differential-conformance.sh	rust-nightly-2026-04-03,rocm-7.2	Deterministic model generation/reduction and a bounded fill/vecadd/affine HIP-or-CPU oracle harness exist; the recorded claim is toolchain-safe evidence only and does not assert broad MIR fuzzing, hardware coverage, or safety proof.
supplemental	S11	Half/BF16 types and conversions	Exact	G2,G4	Partial	source-unit,negative-adversarial,compile-code-object	generic,gfx942	2fee8b63b77df73b92f4de79caaabc5b623ab867	crates/fe2o3-device/src/half.rs,crates/fe2o3-device/src/math.rs,crates/fe2o3-device/tests/half_math_api.rs,crates/fe2o3-amdgcn-model/src/device_math.rs,crates/dialect-amdgcn/tests/gfx942_math.rs	cargo test -p fe2o3-device --locked@@cargo test -p dialect-amdgcn --test gfx942_math --locked@@FE2O3_TARGET=gfx942 scripts/ci-local.sh rocm-compile	rust-nightly-2026-04-03,rocm-7.2	Target-gated f16 and BF16 operations and selected device math have source and dialect-model coverage. The retired exact compiler fixture is not current evidence; a complete type, rounding, edge-case, and hardware matrix remains incomplete.
supplemental	S12	Tensor/matrix instructions	AMD-equivalent	G6	Partial	source-unit,negative-adversarial	generic,gfx942	7ee94f3f652e9838d1ac913ae455cd0ca5bac696	crates/fe2o3-device/src/tensor.rs,crates/fe2o3-kernel-ir/src/matrix.rs,crates/fe2o3-kernel-ir/tests/matrix_operations.rs,crates/dialect-amdgcn/tests/gfx942_matrix.rs	cargo test -p fe2o3-device --locked@@cargo test -p fe2o3-kernel-ir --test matrix_operations --locked@@cargo test -p dialect-amdgcn --test gfx942_matrix --locked	rust-nightly-2026-04-03,rocm-7.2	Unsafe converged gfx942 lowering covers one BF16 m16n16k16 MFMA shape and one XOR4 LDS tile contract with authenticated allocation extent, provenance, and alignment rejection. Numerical GPU execution, arbitrary shapes and types, bounded dynamic LDS wire support, general source lowering, bank-conflict proof, and Verus composition remain incomplete.
supplemental	S13	LDS swizzles and matrix load/store helpers	AMD-equivalent	G6,G7	Partial	source-unit,negative-adversarial	generic,gfx942	7ee94f3f652e9838d1ac913ae455cd0ca5bac696	crates/fe2o3-device/src/tensor.rs,crates/fe2o3-kernel-ir/src/matrix.rs,crates/fe2o3-kernel-ir/tests/matrix_operations.rs,crates/dialect-amdgcn/tests/gfx942_matrix.rs	cargo test -p fe2o3-device --locked@@cargo test -p fe2o3-kernel-ir --test matrix_operations --locked@@cargo test -p dialect-amdgcn --test gfx942_matrix --locked	rust-nightly-2026-04-03,rocm-7.2	Unsafe converged gfx942 lowering covers one BF16 m16n16k16 MFMA shape and one XOR4 LDS tile contract with authenticated allocation extent, provenance, and alignment rejection. Numerical GPU execution, arbitrary shapes and types, bounded dynamic LDS wire support, general source lowering, bank-conflict proof, and Verus composition remain incomplete.
supplemental	S14	Target auto-detection and override	AMD-equivalent	G0,G3	Partial	source-unit,negative-adversarial	generic	2fee8b63b77df73b92f4de79caaabc5b623ab867	crates/fe2o3-amd-target/src/capabilities.rs,crates/fe2o3-core/src/device_target.rs	cargo test -p fe2o3-amd-target --locked@@cargo test -p fe2o3-core --locked	rust-nightly-2026-04-03	Target parsing, override, and capability records are bounded; every compiler/runtime payload path is not yet proven to consume the observed target consistently.
supplemental	S15	Compile-fail safety suite	Exact	G0,G3,G5	Partial	source-unit,negative-adversarial	generic,gfx942	2fee8b63b77df73b92f4de79caaabc5b623ab867	crates/fe2o3-core/tests/device_buffer_view_ui.rs,crates/fe2o3-core/tests/ui/device_buffer_view,crates/fe2o3-device/tests/ui,crates/fe2o3-host/tests/generated_spi_ui.rs,crates/fe2o3-host/tests/production_application_handoff_ui.rs,crates/fe2o3-host/tests/worker_v3_verification_admission_ui.rs,crates/fe2o3-host/tests/hsa_executable_lifecycle_ui.rs,crates/fe2o3-host/tests/ui,crates/fe2o3-host/tests/ui/authenticated_artifact,crates/fe2o3-host/tests/ui/generated_spi,crates/fe2o3-macros/tests/typed_kernel_fixtures.rs	cargo test -p fe2o3-core --all-targets --locked@@cargo test -p fe2o3-device --locked@@cargo test -p fe2o3-host --locked@@cargo test -p fe2o3-host --test generated_spi_ui --locked@@cargo test -p fe2o3-host --test production_application_handoff_ui --locked@@cargo test -p fe2o3-host --test worker_v3_verification_admission_ui --locked@@cargo test -p fe2o3-host --test hsa_executable_lifecycle_ui --locked@@cargo test -p fe2o3-macros --test typed_kernel_fixtures --locked	rust-nightly-2026-04-03,rocm-7.2	Compile-fail coverage includes checked-view privacy, retained borrowing, mutable-alias exclusion, non-clone Worker V3 authority, private fields, legacy-route absence, semantic-witness privacy, and unsafe verifier and adapter boundaries. Production verifier implementation and broad compiler/runtime/barrier/FFI coverage remain absent.
