row_evidence_policy_schema_version	2
row_count	109
row	0000	01	gfx942	unit,ui,ir,compile	unit,ui,ir,compile,verus,hardware	reviewer
row	0001	02	gfx942	unit,ui,ir,compile	unit,ui,ir,compile,verus,hardware	reviewer
row	0002	03	gfx942	unit,ui,ir,compile	unit,ui,ir,compile,verus,hardware	reviewer
row	0003	04	gfx942	unit,ui,ir,compile,verus,hardware	unit,ui,ir,compile,verus,hardware,debug	reviewer
row	0004	05	gfx942	unit,ui,ir,compile,verus,hardware	unit,ui,ir,compile,verus,hardware,debug	reviewer
row	0005	06	gfx942	unit,ui,ir,compile,verus,hardware	unit,ui,ir,compile,verus,hardware,debug	reviewer
row	0006	07	gfx942	unit,ui,ir,compile	unit,ui,ir,compile,verus,hardware	reviewer
row	0007	08	gfx942	unit,ui,ir,compile	unit,ui,ir,compile,verus,hardware	reviewer
row	0008	09	gfx942	unit,ui,ir,compile	unit,ui,ir,compile,verus,hardware	reviewer
row	0009	10	gfx942	unit,ui,ir,compile	unit,ui,ir,compile,verus,hardware	reviewer
row	0010	11	gfx942	unit,ui,ir,compile,verus,hardware	unit,ui,ir,compile,verus,hardware,debug	reviewer
row	0011	12	gfx942	unit,ui,ir,compile	unit,ui,ir,compile,verus,hardware	reviewer
row	0012	13	gfx942	unit,ui,ir,compile,verus,hardware	unit,ui,ir,compile,verus,hardware,debug	reviewer
row	0013	14	gfx942	unit,ui,ir,compile,verus,hardware	unit,ui,ir,compile,verus,hardware,debug	reviewer
row	0014	15	gfx942	unit,ui,ir,compile,verus,hardware	unit,ui,ir,compile,verus,hardware,debug	reviewer
row	0015	16	gfx942	unit,ui,ir,compile,verus,hardware	unit,ui,ir,compile,verus,hardware,debug	reviewer
row	0016	17	gfx942	unit,ui,ir,compile	unit,ui,ir,compile,verus,hardware	reviewer
row	0017	18	gfx942	unit,ui,ir,compile,verus,hardware	unit,ui,ir,compile,verus,hardware,debug	reviewer
row	0018	19	gfx942	unit,ui,ir,compile,verus,hardware	unit,ui,ir,compile,verus,hardware,debug	reviewer
row	0019	20	gfx942	unit,ui,ir,compile	unit,ui,ir,compile,verus,hardware	reviewer
row	0020	21	gfx942	unit,ui,ir,compile,verus,hardware	unit,ui,ir,compile,verus,hardware,debug	reviewer
row	0021	22	gfx942	unit,ui,ir,compile,verus,hardware	unit,ui,ir,compile,verus,hardware,debug	reviewer
row	0022	23	gfx942	unit,ui,ir,compile,verus,hardware	unit,ui,ir,compile,verus,hardware,debug	reviewer
row	0023	24	gfx942	unit,ui,ir,compile	unit,ui,ir,compile,verus,hardware	reviewer
row	0024	25	gfx942	unit,ui,ir,compile	unit,ui,ir,compile,verus,hardware	reviewer
row	0025	26	gfx942	unit,ui,ir,compile	unit,ui,ir,compile,verus,hardware	reviewer
row	0026	27	gfx942	unit,ui,ir,compile	unit,ui,ir,compile,verus,hardware	reviewer
row	0027	28	gfx942	unit,ui,ir,compile	unit,ui,ir,compile,verus,hardware	reviewer
row	0028	29	gfx942	unit,ui,ir,compile,verus,hardware	unit,ui,ir,compile,verus,hardware,debug	reviewer
row	0029	30	gfx942	unit,ui,ir,compile,verus,hardware	unit,ui,ir,compile,verus,hardware,debug	reviewer
row	0030	31	gfx942	unit,ui,ir,compile,verus,hardware	unit,ui,ir,compile,verus,hardware,debug	reviewer
row	0031	32	gfx942	unit,ui,ir,compile	unit,ui,ir,compile,verus,hardware	reviewer
row	0032	33	gfx942	unit,ui,ir,compile	unit,ui,ir,compile,verus,hardware	reviewer
row	0033	34	gfx942	unit,ui,ir,compile,verus,hardware	unit,ui,ir,compile,verus,hardware,debug	reviewer
row	0034	35	gfx942	unit,ui,ir,compile	unit,ui,ir,compile,verus,hardware	reviewer
row	0035	36	gfx942	unit,ui,ir,compile	unit,ui,ir,compile,verus,hardware	reviewer
row	0036	37	gfx942	unit,ui,ir,compile	unit,ui,ir,compile,verus,hardware	reviewer
row	0037	38	gfx942	unit,ui,ir,compile	unit,ui,ir,compile,verus,hardware	reviewer
row	0038	39	gfx942	unit,ui,ir,compile	unit,ui,ir,compile,verus,hardware	reviewer
row	0039	40	gfx942	unit,ui,ir,compile	unit,ui,ir,compile,verus,hardware	reviewer
row	0040	41	gfx942	unit,ui,ir,compile	unit,ui,ir,compile,verus,hardware	reviewer
row	0041	42	gfx942	unit,ui,ir,compile	unit,ui,ir,compile,verus,hardware	reviewer
row	0042	43	gfx942	unit,ui,ir,compile	unit,ui,ir,compile,verus,hardware	reviewer
row	0043	44	gfx942	unit,ui,ir,compile	unit,ui,ir,compile,verus,hardware	reviewer
row	0044	45	gfx942	unit,ui,ir,compile	unit,ui,ir,compile,verus,hardware	reviewer
row	0045	46	gfx942	unit,ui,ir,compile,hardware,debug	unit,ui,ir,compile,verus,hardware,debug	reviewer
row	0046	47	gfx942	unit,ui,ir,compile,verus,hardware	unit,ui,ir,compile,verus,hardware,debug	reviewer
row	0047	48	gfx942	unit,ui,ir,compile	unit,ui,ir,compile,verus,hardware	reviewer
row	0048	49	gfx942	unit,ui,ir,compile	unit,ui,ir,compile,verus,hardware	reviewer
row	0049	50	gfx942	unit,ui,ir,compile,verus,hardware	unit,ui,ir,compile,verus,hardware,debug	reviewer
row	0050	51	gfx942	unit,ui,ir,compile	unit,ui,ir,compile,verus,hardware	reviewer
row	0051	52	gfx942	unit,ui,ir,compile,verus,hardware	unit,ui,ir,compile,verus,hardware,debug	reviewer
row	0052	53	gfx942	unit,ui,ir,compile	unit,ui,ir,compile,verus,hardware	reviewer
row	0053	54	gfx942	unit,ui,ir,compile	unit,ui,ir,compile,verus,hardware	reviewer
row	0054	55	gfx942	unit,ui,ir,compile	unit,ui,ir,compile,verus,hardware	reviewer
row	0055	56	gfx942	unit,ui,ir,compile,verus,hardware	unit,ui,ir,compile,verus,hardware,debug	reviewer
row	0056	57	gfx942	unit,ui,ir,compile	unit,ui,ir,compile,verus,hardware	reviewer
row	0057	58	gfx942	unit,ui,ir,compile	unit,ui,ir,compile,verus,hardware	reviewer
row	0058	59	gfx942	unit,ui,ir,compile	unit,ui,ir,compile,verus,hardware	reviewer
row	0059	60	gfx942	unit,ui,ir,compile	unit,ui,ir,compile,verus,hardware	reviewer
row	0060	61	gfx942	unit,ui,ir,compile	unit,ui,ir,compile,verus,hardware	reviewer
row	0061	62	gfx942	unit,ui,ir,compile,verus,hardware	unit,ui,ir,compile,verus,hardware,debug	reviewer
row	0062	63	gfx942	unit,ui,ir,compile	unit,ui,ir,compile,verus,hardware	reviewer
row	0063	64	gfx942	unit,ui,ir,compile	unit,ui,ir,compile,verus,hardware	reviewer
row	0064	65	gfx942	unit,ui,ir,compile	unit,ui,ir,compile,verus,hardware	reviewer
row	0065	66	gfx942	unit,ui,ir,compile	unit,ui,ir,compile,verus,hardware	reviewer
row	0066	67	gfx942	unit,ui,ir,compile	unit,ui,ir,compile,verus,hardware	reviewer
row	0067	68	gfx942	unit,ui,ir,compile,verus,hardware	unit,ui,ir,compile,verus,hardware,debug	reviewer
row	0068	69	gfx942	unit,ui,ir,compile,verus,hardware	unit,ui,ir,compile,verus,hardware,debug	reviewer
row	0069	70	gfx942	unit,ui,ir,compile	unit,ui,ir,compile,verus,hardware	reviewer
row	0070	71	gfx942	unit,ui,ir,compile	unit,ui,ir,compile,verus,hardware	reviewer
row	0071	72	gfx942	unit,ui,ir,compile,verus,hardware	unit,ui,ir,compile,verus,hardware,debug	reviewer
row	0072	73	gfx942	unit,ui,ir,compile,verus,hardware	unit,ui,ir,compile,verus,hardware,debug	reviewer
row	0073	74	gfx942	unit,ui,ir,compile	unit,ui,ir,compile,verus,hardware	reviewer
row	0074	75	gfx942	unit,ui,ir,compile,hardware,debug	unit,ui,ir,compile,verus,hardware,debug	reviewer
row	0075	76	gfx942	unit,ui,ir,compile,hardware,debug	unit,ui,ir,compile,verus,hardware,debug	reviewer
row	0076	77	gfx942	unit,ui,ir,compile,hardware,debug	unit,ui,ir,compile,verus,hardware,debug	reviewer
row	0077	78	gfx942	unit,ui,ir,compile	unit,ui,ir,compile,verus,hardware	reviewer
row	0078	79	gfx942	unit,ui,ir,compile	unit,ui,ir,compile,verus,hardware	reviewer
row	0079	80	gfx942	unit,ui,ir,compile	unit,ui,ir,compile,verus,hardware	reviewer
row	0080	81	gfx942	unit,ui,ir,compile	unit,ui,ir,compile,verus,hardware	reviewer
row	0081	82	gfx942	unit,ui,ir,compile,verus,hardware	unit,ui,ir,compile,verus,hardware,debug	reviewer
row	0082	83	gfx942	unit,ui,ir,compile	unit,ui,ir,compile,verus,hardware	reviewer
row	0083	84	gfx942	unit,ui,ir,compile	unit,ui,ir,compile,verus,hardware	reviewer
row	0084	85	gfx942	unit,ui,ir,compile	unit,ui,ir,compile,verus,hardware	reviewer
row	0085	86	gfx942	unit,ui,ir,compile	unit,ui,ir,compile,verus,hardware	reviewer
row	0086	87	gfx942	unit,ui,ir,compile	unit,ui,ir,compile,verus,hardware	reviewer
row	0087	88	gfx942	unit,ui,ir,compile,verus,hardware	unit,ui,ir,compile,verus,hardware,debug	reviewer
row	0088	89	gfx942	unit,ui,ir,compile	unit,ui,ir,compile,verus,hardware	reviewer
row	0089	90	gfx942	unit,ui,ir,compile	unit,ui,ir,compile,verus,hardware	reviewer
row	0090	91	gfx942	unit,ui,ir,compile	unit,ui,ir,compile,verus,hardware	reviewer
row	0091	92	gfx942	unit,ui,ir,compile	unit,ui,ir,compile,verus,hardware	reviewer
row	0092	93	gfx942	unit,ui,ir,compile	unit,ui,ir,compile,verus,hardware	reviewer
row	0093	94	gfx942	unit,ui,ir,compile	unit,ui,ir,compile,verus,hardware	reviewer
row	0094	S01	gfx942	unit,ui,ir,compile	unit,ui,ir,compile,verus,hardware	reviewer
row	0095	S02	gfx942	unit,ui,ir,compile	unit,ui,ir,compile,verus,hardware	reviewer
row	0096	S03	gfx942	unit,ui,ir,compile	unit,ui,ir,compile,verus,hardware	reviewer
row	0097	S04	gfx942	unit,ui,ir,compile	unit,ui,ir,compile,verus,hardware	reviewer
row	0098	S05	gfx942	unit,ui,ir,compile	unit,ui,ir,compile,verus,hardware	reviewer
row	0099	S06	gfx942	unit,ui,ir,compile	unit,ui,ir,compile,verus,hardware	reviewer
row	0100	S07	gfx942	unit,ui,ir,compile	unit,ui,ir,compile,verus,hardware	reviewer
row	0101	S08	gfx942	unit,ui,ir,compile,verus,hardware	unit,ui,ir,compile,verus,hardware,debug	reviewer
row	0102	S09	gfx942	unit,ui,compile,debug	unit,ui,compile,verus,debug	reviewer
row	0103	S10	gfx942	unit,ui,ir,compile	unit,ui,ir,compile,verus,hardware	reviewer
row	0104	S11	gfx942	unit,ui,ir,compile	unit,ui,ir,compile,verus,hardware	reviewer
row	0105	S12	gfx942	unit,ui,ir,compile,verus,hardware	unit,ui,ir,compile,verus,hardware,debug	reviewer
row	0106	S13	gfx942	unit,ui,ir,compile,verus,hardware	unit,ui,ir,compile,verus,hardware,debug	reviewer
row	0107	S14	gfx942	unit,ui,ir,compile	unit,ui,ir,compile,verus,hardware	reviewer
row	0108	S15	gfx942	unit,ui,ir,compile	unit,ui,ir,compile,verus,hardware	reviewer
